dma,geoCode,2004+cancer,2004+cardiovascular,2004+stroke,2004+depression,2004+rehab,2004+vaccine,2004+diarrhea,2004+obesity,2004+diabetes,2005+cancer,2005+cardiovascular,2005+stroke,2005+depression,2005+rehab,2005+vaccine,2005+diarrhea,2005+obesity,2005+diabetes,2006+cancer,2006+cardiovascular,2006+stroke,2006+depression,2006+rehab,2006+vaccine,2006+diarrhea,2006+obesity,2006+diabetes,2007+cancer,2007+cardiovascular,2007+stroke,2007+depression,2007+rehab,2007+vaccine,2007+diarrhea,2007+obesity,2007+diabetes,2008+cancer,2008+cardiovascular,2008+stroke,2008+depression,2008+rehab,2008+vaccine,2008+diarrhea,2008+obesity,2008+diabetes,2009+cancer,2009+cardiovascular,2009+stroke,2009+depression,2009+rehab,2009+vaccine,2009+diarrhea,2009+obesity,2009+diabetes,2010+cancer,2010+cardiovascular,2010+stroke,2010+depression,2010+rehab,2010+vaccine,2010+diarrhea,2010+obesity,2010+diabetes,2011+cancer,2011+cardiovascular,2011+stroke,2011+depression,2011+rehab,2011+vaccine,2011+diarrhea,2011+obesity,2011+diabetes,2012+cancer,2012+cardiovascular,2012+stroke,2012+depression,2012+rehab,2012+vaccine,2012+diarrhea,2012+obesity,2012+diabetes,2013+cancer,2013+cardiovascular,2013+stroke,2013+depression,2013+rehab,2013+vaccine,2013+diarrhea,2013+obesity,2013+diabetes,2014+cancer,2014+cardiovascular,2014+stroke,2014+depression,2014+rehab,2014+vaccine,2014+diarrhea,2014+obesity,2014+diabetes,2015+cancer,2015+cardiovascular,2015+stroke,2015+depression,2015+rehab,2015+vaccine,2015+diarrhea,2015+obesity,2015+diabetes,2016+cancer,2016+cardiovascular,2016+stroke,2016+depression,2016+rehab,2016+vaccine,2016+diarrhea,2016+obesity,2016+diabetes,2017+cancer,2017+cardiovascular,2017+stroke,2017+depression,2017+rehab,2017+vaccine,2017+diarrhea,2017+obesity,2017+diabetes
Portland-Auburn ME,500,44,6,17,39,21,31,14,29,38,70,16,38,11,27,36,26,14,23,55,23,26,25,38,48,48,19,44,70,31,56,38,37,42,22,24,56,68,22,66,28,79,23,53,20,43,61,20,60,20,47,40,59,38,56,65,45,44,29,63,45,31,26,37,65,41,64,63,72,64,61,35,68,67,42,67,74,73,68,61,46,65,71,34,75,78,67,70,64,52,66,79,44,70,72,70,72,61,51,75,67,43,61,70,67,64,68,48,73,69,38,70,64,60,64,69,49,81,70,37,83,64,56,76,66,47,80
New York NY,501,47,6,13,38,16,33,12,27,32,63,15,35,10,22,29,23,15,19,49,18,18,20,26,38,37,22,33,64,29,43,34,36,41,18,26,48,64,18,48,28,54,23,46,21,37,58,18,44,19,39,36,49,34,53,62,38,33,24,51,42,26,26,34,56,28,47,51,61,51,55,27,55,58,28,45,59,54,47,52,40,52,64,29,51,60,52,60,58,44,58,71,33,45,53,58,57,56,39,62,64,36,44,55,53,58,56,46,63,68,41,47,53,51,64,57,49,77,70,34,53,56,53,79,56,52,78
Binghamton NY,502,48,3,16,50,12,37,24,31,37,62,8,44,13,25,21,23,24,18,54,19,26,27,20,35,34,30,26,61,20,56,43,28,45,25,43,54,65,15,62,37,57,29,85,28,41,58,19,59,25,36,43,68,54,49,64,34,49,34,44,46,37,41,31,60,27,53,66,56,48,73,42,62,62,29,54,74,47,56,68,61,63,68,34,70,78,42,66,65,52,70,80,36,63,74,50,66,75,65,72,64,31,59,69,46,73,84,67,75,74,33,66,66,44,72,79,70,74,68,24,71,69,44,77,78,61,72
Macon GA,503,44,14,14,37,19,49,14,29,31,55,25,48,10,29,33,22,23,22,44,24,23,18,39,50,46,29,39,65,42,54,35,40,42,16,36,48,66,23,58,32,76,24,59,32,44,53,36,53,19,59,24,48,41,57,62,49,46,26,70,41,29,34,41,59,43,54,56,69,54,54,50,67,59,48,60,63,74,57,58,67,67,62,45,68,67,65,60,62,62,64,72,56,69,60,71,53,68,54,78,66,60,62,68,66,53,71,60,73,63,59,65,56,69,56,66,51,78,53,38,62,46,60,47,53,41,66
Philadelphia PA,504,52,7,16,41,23,36,14,30,37,73,17,39,12,32,33,24,18,23,57,24,23,23,40,42,44,24,40,72,34,49,38,46,47,21,31,55,75,23,59,30,72,27,57,25,45,65,23,50,21,52,40,57,40,63,70,49,39,28,72,49,31,29,41,66,40,55,59,84,67,64,35,67,69,39,56,69,83,62,65,51,61,75,36,62,66,77,69,68,51,68,81,39,57,62,83,68,66,44,70,71,45,51,63,77,69,67,56,72,74,42,56,59,72,70,70,52,80,75,35,61,62,75,84,69,56,78
Detroit MI,505,47,6,16,45,14,31,15,27,34,66,14,43,11,20,27,22,18,20,52,21,23,24,27,34,38,25,36,68,36,57,38,31,37,20,30,50,67,25,63,33,52,23,53,23,43,61,27,57,20,39,38,54,38,58,68,57,43,28,54,42,27,29,39,58,45,59,56,62,53,64,32,59,59,38,54,62,56,46,59,41,52,66,38,63,65,57,58,65,45,62,74,42,59,58,64,58,65,37,65,67,40,54,61,64,57,69,46,65,66,48,60,58,57,61,71,43,73,69,38,66,61,57,73,70,45,74
Boston MA-Manchester NH,506,48,6,15,38,25,34,14,27,37,69,16,41,11,36,31,25,15,22,56,20,23,22,46,44,40,21,38,73,31,51,37,49,44,21,28,54,72,21,61,30,79,26,52,22,46,63,19,50,20,60,40,55,36,61,65,37,37,25,75,46,29,24,37,61,36,54,55,91,64,61,33,65,64,34,55,64,89,61,62,44,58,67,33,61,67,81,67,64,48,63,77,40,54,61,88,65,62,43,67,69,44,50,64,79,67,62,58,71,68,44,54,57,71,66,63,53,76,70,37,58,62,72,76,58,58,74
Savannah GA,507,43,11,17,37,28,43,10,45,26,61,11,50,10,29,17,22,18,25,48,23,31,24,30,37,46,29,35,65,25,58,31,41,34,20,23,55,61,24,60,30,61,18,44,20,44,54,22,62,17,37,31,49,35,57,60,50,45,24,56,38,29,37,41,58,44,64,52,63,54,65,47,67,60,41,65,67,53,56,62,58,60,66,46,67,63,48,61,69,61,66,73,46,64,60,54,62,70,51,64,68,56,61,64,53,53,67,69,67,65,45,62,57,47,54,71,46,70,63,32,71,60,47,66,70,44,74
Pittsburgh PA,508,51,10,17,50,23,34,16,35,43,74,17,49,13,27,30,17,20,26,58,23,25,25,37,42,41,32,44,75,34,58,41,42,46,19,38,64,77,25,66,34,72,31,59,29,53,70,26,63,23,56,43,64,48,73,75,49,47,31,72,56,31,36,45,67,41,63,64,78,67,71,36,72,68,39,63,73,76,61,66,52,66,73,39,72,76,69,70,75,52,71,82,40,70,67,77,71,71,43,70,73,45,60,67,74,70,73,54,72,74,42,66,62,68,70,78,50,79,73,35,73,65,72,86,79,52,79
Ft. Wayne IN,509,42,4,14,50,15,25,15,25,36,60,13,43,10,20,32,24,25,20,51,17,26,26,24,48,37,26,38,66,24,53,44,29,37,20,43,55,70,19,55,33,49,23,55,28,48,64,17,62,25,35,35,67,45,72,65,56,45,30,47,38,29,32,43,59,34,58,63,51,47,70,43,71,61,42,57,73,47,51,62,56,62,64,29,67,78,42,59,70,56,73,75,39,63,72,58,64,72,51,68,66,53,58,81,55,65,71,64,78,64,54,61,64,44,56,77,55,84,66,36,67,69,43,62,73,49,81
Cleveland-Akron (Canton) OH,510,42,6,16,44,18,26,14,25,36,64,15,44,12,22,22,21,15,21,50,20,22,22,30,31,48,21,38,64,33,52,35,32,33,20,25,54,68,20,59,31,53,20,48,23,43,60,23,53,21,39,36,58,35,56,64,40,40,28,56,41,31,28,38,61,40,59,58,61,56,67,35,67,64,38,62,66,56,52,67,47,61,68,35,65,69,53,59,73,51,68,76,43,58,64,59,60,68,49,70,69,47,56,64,56,61,69,59,71,69,43,58,61,51,58,76,48,77,70,35,65,64,52,71,73,51,75
Washington DC (Hagerstown MD),511,47,5,15,33,15,46,11,31,37,66,15,36,9,21,42,24,17,21,51,21,21,18,27,55,40,23,38,62,29,45,30,30,52,18,28,53,55,19,42,21,43,21,42,17,38,42,17,30,11,25,26,33,23,47,42,31,21,13,30,25,16,14,27,56,32,49,47,53,68,57,33,62,60,33,50,57,54,59,60,48,58,64,30,53,57,48,70,63,50,62,66,30,43,46,47,59,52,38,60,60,32,42,50,47,63,56,47,62,63,39,51,52,45,70,59,53,77,63,31,54,54,43,79,55,59,73
Baltimore MD,512,51,9,18,44,18,44,16,29,40,69,23,43,11,28,35,24,19,22,55,26,22,24,38,53,48,26,40,72,44,57,37,39,53,23,34,54,72,30,61,31,66,31,59,27,47,66,31,56,21,54,45,61,49,67,70,65,43,28,70,58,30,35,42,66,50,59,58,66,71,61,42,75,67,50,61,69,64,66,61,64,69,70,45,65,68,58,73,64,62,72,80,52,58,62,66,78,63,59,79,71,55,56,61,61,77,64,74,80,71,54,58,59,54,71,67,61,86,68,42,65,60,56,79,66,67,85
Flint-Saginaw-Bay City MI,513,43,8,17,50,12,34,19,48,31,64,12,41,12,19,25,19,23,19,50,22,26,28,19,33,38,30,33,68,42,62,44,30,35,15,41,46,65,23,58,38,53,20,47,40,43,59,17,58,24,41,36,58,46,58,64,48,45,33,61,42,32,39,38,61,43,66,68,64,54,63,48,66,65,39,64,69,60,49,67,57,57,65,34,81,67,55,58,78,52,63,76,46,72,71,59,56,70,51,72,69,54,70,77,60,66,73,64,70,70,50,76,65,53,63,80,57,77,69,47,79,72,54,76,76,63,76
Buffalo NY,514,49,5,20,49,18,25,16,26,37,73,12,38,12,24,25,21,25,22,57,17,24,29,31,34,40,29,38,78,32,54,46,40,40,18,38,57,79,21,67,37,71,25,43,37,47,69,23,57,23,52,43,45,55,68,75,33,44,31,54,45,26,33,42,69,29,61,63,65,54,64,36,68,71,34,59,77,58,64,65,56,64,75,30,64,75,53,65,70,53,69,84,36,60,65,64,64,66,47,71,72,38,55,66,62,64,72,55,74,71,41,61,61,59,64,76,50,78,72,32,65,66,61,70,74,52,76
Cincinnati OH,515,45,6,18,43,17,25,15,28,39,64,13,41,11,25,27,18,19,22,51,19,23,23,29,37,41,22,42,69,35,57,37,30,42,19,33,61,68,18,66,32,53,25,63,28,48,61,19,49,20,39,46,58,39,66,65,46,41,26,58,51,31,34,44,59,34,54,58,60,60,64,37,66,62,38,55,70,53,60,60,52,63,64,35,60,68,48,67,66,50,72,74,39,54,60,53,68,67,44,74,68,38,53,65,52,62,72,54,73,66,37,56,57,47,64,73,46,76,65,30,62,62,48,74,74,49,74
Erie PA,516,53,14,17,50,25,43,8,53,44,73,14,48,16,20,34,33,30,29,61,23,29,32,21,43,52,38,47,79,14,72,43,42,53,18,52,56,84,26,60,38,69,37,49,38,56,64,33,91,29,39,38,59,64,80,80,30,49,40,60,53,31,39,48,68,53,68,75,68,63,73,44,72,68,30,65,84,69,58,68,64,63,72,32,71,82,60,67,79,58,72,83,47,65,71,70,63,73,42,76,68,52,61,77,66,56,80,63,70,74,38,64,70,50,64,78,46,80,69,34,73,72,60,85,75,57,83
Charlotte NC,517,43,7,16,39,21,29,16,25,35,58,16,41,10,23,24,29,19,20,47,15,23,23,36,32,44,26,38,59,26,51,35,35,36,19,32,54,60,21,53,29,64,23,59,27,43,58,20,50,20,46,32,62,41,60,61,46,39,25,58,44,29,32,39,55,28,56,49,62,48,62,26,59,59,29,55,58,59,46,62,41,56,62,28,57,58,52,51,64,41,60,69,33,53,54,56,51,65,39,65,63,39,49,58,55,50,65,52,65,63,34,56,54,49,55,67,45,72,61,30,64,56,50,63,65,47,71
Greensboro-High Point-Winston Salem NC,518,47,10,15,45,24,29,13,32,37,66,16,54,11,26,27,33,24,27,54,20,22,21,35,33,45,30,43,65,31,54,35,39,36,22,34,57,70,21,68,28,60,22,45,31,48,61,15,51,19,45,32,57,48,66,67,39,41,26,63,43,27,36,42,63,37,60,58,72,53,64,48,70,64,34,61,66,62,59,59,58,64,69,41,70,65,58,63,63,60,70,76,52,63,64,63,63,63,53,77,66,54,58,63,64,61,64,68,75,66,48,64,58,61,61,66,59,80,68,39,71,60,68,70,69,52,80
Charleston SC,519,55,14,20,42,16,23,15,15,42,74,19,45,9,35,31,20,24,27,57,38,28,18,34,32,66,24,48,79,32,61,36,38,45,18,32,64,71,23,68,27,62,28,69,23,51,69,34,52,21,45,39,58,46,75,73,56,52,28,49,61,34,35,50,65,47,76,60,64,60,63,33,68,65,37,74,68,54,55,62,52,64,67,30,82,69,58,73,69,54,69,78,41,76,58,65,64,68,46,69,70,53,68,61,56,65,68,66,74,66,41,72,58,45,63,74,47,76,67,35,76,58,46,76,69,45,75
Augusta GA,520,48,12,26,39,18,24,14,33,37,67,21,58,12,42,23,19,21,24,50,24,28,21,41,15,53,31,52,73,57,63,41,36,38,24,36,63,71,26,67,35,79,20,58,25,49,62,38,59,20,41,31,57,40,72,77,100,52,26,60,44,25,36,51,60,75,66,58,71,60,65,40,83,65,56,71,69,74,50,60,72,72,68,57,70,65,57,53,63,70,75,69,28,62,54,70,41,72,24,59,61,32,60,56,77,37,76,31,61,66,70,70,57,62,60,74,55,79,68,50,75,61,58,67,69,61,79
Providence RI-New Bedford MA,521,43,3,16,45,20,36,17,20,32,63,11,45,12,24,30,26,19,21,48,18,20,25,37,38,41,22,38,61,30,49,40,38,43,20,37,47,67,19,55,32,68,24,52,30,44,57,17,49,23,45,45,57,43,55,65,38,40,30,67,50,28,31,38,59,35,56,61,79,59,62,35,65,62,38,56,75,69,60,66,54,59,65,39,59,73,63,67,64,54,66,76,48,53,66,69,64,65,47,66,65,50,51,65,59,70,66,59,68,69,55,58,62,54,61,69,55,77,65,40,59,63,55,77,68,48,74
Columbus GA,522,41,7,17,46,25,33,14,64,39,56,34,43,15,30,36,24,21,29,53,24,21,23,20,47,35,35,49,67,28,60,44,35,51,25,45,63,59,29,66,30,65,16,35,36,47,63,21,62,21,48,30,47,47,81,67,58,46,36,67,75,28,52,47,58,48,52,62,60,56,64,45,78,62,58,59,70,58,60,60,75,64,64,54,58,70,58,61,67,67,74,74,49,63,61,66,62,70,61,74,66,62,52,68,62,61,74,70,74,69,72,61,60,57,54,72,68,80,65,50,74,61,56,63,68,62,83
Burlington VT-Plattsburgh NY,523,49,6,14,53,21,44,10,43,38,74,14,45,13,30,31,26,30,24,55,27,22,28,36,56,44,25,40,72,37,46,46,43,49,22,46,55,72,22,65,37,68,32,60,32,47,61,21,54,21,52,42,58,47,60,56,33,37,22,57,33,25,18,28,62,30,55,65,78,71,66,45,62,65,33,64,74,74,77,59,65,60,65,32,67,76,64,77,64,64,61,72,37,65,68,70,70,61,55,65,65,37,55,70,69,77,66,66,67,66,37,63,67,65,72,70,68,72,68,30,75,72,63,90,68,59,68
Atlanta GA,524,42,6,15,35,19,36,13,23,36,63,17,37,9,28,28,22,16,21,50,21,21,20,34,36,40,19,37,65,33,50,31,35,40,19,26,52,66,21,54,26,56,22,50,19,42,60,24,46,17,42,33,53,35,56,62,46,37,22,52,41,26,26,36,55,36,54,48,59,51,64,31,58,59,35,54,54,55,46,60,40,52,63,33,58,55,52,50,66,41,58,72,41,53,51,56,51,63,35,64,65,45,50,54,55,53,63,45,64,66,45,58,52,51,57,68,43,73,64,37,62,54,48,65,65,48,72
Albany GA,525,44,5,12,43,27,24,16,18,46,69,20,28,14,28,29,9,17,20,48,32,23,25,40,28,28,27,41,72,24,43,36,41,29,24,35,54,66,23,65,28,50,17,34,16,44,60,20,57,20,55,31,54,42,58,63,43,42,26,54,48,26,37,44,62,64,49,62,67,59,50,62,81,64,55,70,65,53,42,68,75,70,68,57,75,70,47,56,65,55,73,76,71,64,64,62,52,64,64,77,69,53,55,66,53,55,67,65,82,63,67,67,59,47,51,68,56,79,63,50,69,62,52,54,73,47,81
Utica NY,526,42,19,19,63,31,100,19,49,29,64,42,37,10,20,39,23,29,20,46,33,26,24,42,33,24,38,29,52,16,54,41,34,20,20,18,54,69,14,47,40,83,12,47,53,48,60,15,69,21,56,36,46,68,56,59,60,39,43,54,48,27,57,38,63,30,61,75,51,51,67,62,62,66,33,69,83,51,57,67,56,59,69,31,77,80,51,60,71,78,71,81,25,53,72,61,65,63,47,66,73,25,55,86,49,75,77,77,75,73,39,71,68,53,74,74,64,83,68,33,70,66,51,73,81,58,80
Indianapolis IN,527,49,10,17,47,16,31,15,38,45,70,18,48,13,22,27,28,25,29,54,26,25,25,28,37,46,32,48,70,32,57,41,33,43,21,41,69,71,26,59,34,56,25,56,36,60,64,33,57,23,41,41,57,48,79,71,58,42,30,54,54,27,40,53,65,38,59,59,64,61,65,44,81,65,41,63,74,59,60,65,60,73,67,34,64,70,54,66,73,57,79,77,46,61,68,63,67,70,56,80,68,53,54,71,58,68,65,68,82,68,50,56,62,49,64,72,54,85,69,39,63,66,49,78,74,58,82
Miami-Ft. Lauderdale FL,528,37,7,11,29,17,28,7,20,34,54,15,36,8,22,23,21,13,18,43,20,19,16,29,30,30,17,34,56,32,44,27,34,33,15,22,43,58,22,48,22,54,20,39,17,37,54,23,46,15,45,29,46,27,53,58,43,36,21,50,35,24,20,35,55,39,49,42,58,47,57,24,57,56,41,48,49,57,41,52,34,49,61,38,57,51,56,47,54,37,57,66,44,49,46,59,48,52,37,61,62,45,47,46,55,47,51,46,61,62,47,48,44,52,50,51,43,70,61,40,53,45,47,60,46,49,70
Louisville KY,529,49,5,13,42,25,15,11,43,39,71,21,48,10,36,27,20,20,28,50,22,24,21,39,35,38,27,38,63,30,47,36,40,37,23,33,54,67,25,63,29,79,25,64,24,48,62,25,53,20,60,40,67,40,64,66,52,43,26,76,46,35,28,42,65,52,65,61,93,64,67,41,73,65,48,65,67,85,57,69,51,66,70,44,73,69,83,61,72,54,75,81,43,68,62,91,63,81,44,77,69,53,59,65,90,64,76,53,81,70,51,68,60,79,63,80,46,84,72,39,74,61,82,74,77,52,82
Tallahassee FL-Thomasville GA,530,45,13,18,45,13,37,16,36,37,65,20,52,11,30,35,18,14,25,52,28,28,23,38,41,57,38,47,70,40,57,42,38,42,17,45,61,68,20,67,32,62,26,49,31,48,63,26,57,24,56,42,48,54,80,72,53,35,31,68,62,25,43,52,59,45,56,59,72,62,61,49,70,61,47,55,72,75,51,59,66,67,68,50,70,72,66,59,60,72,73,74,55,65,62,76,64,59,64,75,65,63,60,68,61,57,58,79,77,66,54,67,67,54,58,68,60,83,63,43,75,60,58,78,68,54,80
Tri-Cities TN-VA,531,37,9,15,37,15,40,14,24,31,61,15,47,13,20,23,34,18,26,51,22,27,22,46,32,43,28,44,65,45,67,41,29,39,26,27,65,66,33,64,30,77,22,57,29,55,59,30,73,19,55,39,66,37,62,70,89,54,28,61,45,35,28,40,71,79,72,66,62,71,83,36,89,72,54,68,75,67,58,67,47,68,79,55,79,78,60,76,81,50,72,90,61,68,67,68,78,84,55,82,78,62,60,70,63,78,89,60,85,76,56,73,67,56,65,88,51,84,75,39,84,67,55,91,89,50,84
Albany-Schenectady-Troy NY,532,47,7,14,49,18,34,19,26,31,67,13,53,13,26,27,26,18,21,52,21,22,24,31,39,41,24,39,67,24,51,38,39,44,19,29,53,69,17,64,31,61,25,56,27,46,62,15,56,22,45,43,59,38,62,66,34,42,29,57,52,32,32,38,61,31,57,62,62,64,59,36,64,67,30,57,70,57,64,68,54,60,69,26,64,73,50,72,69,50,69,76,31,59,67,57,74,68,48,71,68,33,55,69,56,71,71,57,70,71,28,60,61,52,70,75,45,73,67,24,66,65,54,76,72,48,74
Hartford & New Haven CT,533,52,6,16,51,21,43,14,34,35,69,13,45,13,29,35,28,22,24,52,19,25,25,35,46,45,27,40,68,26,52,40,42,47,21,32,52,72,20,61,34,70,26,54,28,44,64,19,54,23,51,41,58,43,62,71,41,42,29,71,50,32,34,39,63,37,56,61,81,66,59,37,65,69,38,60,75,81,68,59,56,62,74,37,65,74,75,73,66,60,67,79,46,58,66,81,75,58,51,72,74,47,57,69,81,78,63,65,74,73,46,62,63,77,78,66,58,80,72,36,63,65,76,87,65,62,84
Orlando-Daytona Beach-Melbourne FL,534,39,4,16,32,18,24,11,21,30,56,13,44,9,24,17,23,14,18,45,17,23,18,30,27,41,17,34,60,34,56,30,37,33,19,21,48,62,20,63,26,62,20,50,19,41,57,23,56,17,48,28,58,29,56,62,49,40,22,63,36,29,23,36,56,42,56,47,69,45,62,27,61,60,39,56,55,66,45,64,34,53,65,44,63,56,65,53,66,39,62,72,46,60,49,68,49,68,33,64,66,48,55,49,67,48,65,40,67,62,53,59,51,64,51,64,42,72,63,43,67,51,62,60,65,41,73
Columbus OH,535,46,6,14,43,17,36,14,23,34,66,14,39,12,24,29,30,17,22,53,19,21,22,29,38,42,25,38,66,31,48,36,31,41,21,28,54,69,17,59,30,59,23,58,26,44,64,18,48,20,38,42,56,41,67,69,45,40,28,58,50,28,33,43,62,32,55,55,59,53,66,32,65,65,29,56,65,57,52,69,48,59,67,33,60,66,49,59,68,51,68,78,37,55,61,55,63,69,43,72,69,42,51,65,56,62,67,55,71,69,41,56,59,47,66,74,50,76,69,34,63,61,49,74,76,49,76
Youngstown OH,536,45,6,12,79,25,27,9,56,29,58,11,33,17,25,17,11,18,32,49,9,29,31,24,31,50,43,34,65,27,59,45,29,21,19,42,64,69,15,80,44,59,19,39,28,47,56,16,55,25,39,36,63,38,58,69,33,46,33,61,31,30,45,37,64,36,66,70,70,51,73,47,59,69,47,55,85,67,51,70,63,61,72,36,70,76,53,54,76,58,69,82,33,60,68,64,59,83,50,69,72,47,59,68,63,62,79,65,77,72,33,66,68,52,56,90,46,73,73,23,73,71,58,70,84,45,80
Bangor ME,537,49,13,21,74,14,62,11,48,44,77,26,48,19,26,46,25,46,23,54,32,22,41,23,40,38,47,43,78,45,58,70,43,44,18,58,64,78,18,75,48,59,25,27,37,54,64,15,70,33,43,46,55,61,68,66,46,43,40,56,46,23,39,40,66,40,72,62,75,75,64,54,70,70,40,74,77,66,70,71,55,72,72,37,78,81,59,74,58,52,74,78,36,80,79,67,70,68,47,70,71,44,68,79,66,81,66,65,84,72,52,78,65,54,80,77,53,92,70,33,95,72,57,88,67,78,87
Rochester NY,538,43,6,13,49,14,29,14,27,33,64,13,46,11,18,30,25,19,22,53,15,24,26,21,36,47,24,36,68,32,58,39,30,39,23,33,52,69,22,68,30,57,24,60,26,46,63,21,55,22,34,41,58,47,60,68,43,43,29,50,42,32,29,38,64,31,61,60,51,62,58,39,66,68,40,58,71,48,66,62,57,60,72,40,66,71,44,69,65,59,67,82,37,62,63,47,67,64,55,71,72,47,57,67,48,69,71,65,72,70,36,61,58,41,67,68,52,74,69,29,62,61,45,76,72,58,72
Tampa-St. Petersburg (Sarasota) FL,539,43,5,18,32,22,24,14,19,33,69,14,45,9,31,24,25,11,19,53,18,20,17,37,30,42,17,33,69,32,53,31,40,37,21,20,47,70,22,60,28,71,20,49,18,40,63,21,59,17,52,30,53,27,55,68,49,41,23,68,40,29,21,36,62,38,61,47,75,50,60,23,61,66,48,62,58,77,51,59,41,59,72,41,68,57,68,56,66,41,64,81,51,61,52,73,56,68,37,67,72,46,58,53,72,54,68,49,68,72,49,63,55,66,55,64,41,72,73,40,69,53,71,70,69,45,77
Traverse City-Cadillac MI,540,46,11,11,79,17,35,23,68,32,63,15,50,17,7,37,21,28,19,50,18,23,25,19,38,35,41,26,60,31,70,43,29,42,16,36,70,71,9,100,33,71,29,63,26,48,62,20,63,24,43,38,69,55,71,71,37,52,27,53,62,22,31,42,62,32,73,60,53,58,57,41,72,60,27,65,76,56,62,59,56,63,62,35,86,89,49,67,71,62,61,74,31,74,74,54,76,67,45,71,64,34,65,76,49,71,70,57,69,66,32,81,65,43,59,74,52,69,69,30,87,66,45,72,75,48,68
Lexington KY,541,61,15,21,57,15,30,14,82,47,84,26,44,18,25,32,13,56,29,62,38,25,33,29,43,29,66,50,81,56,59,52,40,48,18,74,72,76,24,71,44,58,25,48,50,55,64,37,61,29,47,40,51,82,73,71,57,43,35,65,41,28,57,46,65,38,61,62,67,63,75,50,73,67,41,63,70,64,57,76,71,67,68,40,74,75,57,70,81,78,79,85,46,67,70,59,62,81,66,76,73,44,61,72,56,64,87,80,79,74,41,70,66,53,68,90,66,87,73,29,73,69,61,77,91,67,87
Dayton OH,542,43,3,12,45,19,21,13,34,35,60,12,42,11,23,19,27,22,24,49,11,23,24,30,33,48,24,40,63,31,51,34,30,35,19,26,57,62,17,60,31,55,22,57,27,41,59,18,57,22,37,40,61,43,66,64,41,47,27,48,44,29,34,39,62,32,61,59,57,56,71,36,72,62,35,57,66,53,54,63,64,65,62,29,60,64,49,61,67,49,72,75,30,55,69,52,62,71,45,74,68,45,55,64,50,64,74,56,73,66,39,56,60,47,66,76,44,83,65,32,64,63,44,72,80,49,83
Springfield-Holyoke MA,543,44,8,18,50,26,40,14,34,33,65,10,41,12,28,32,17,19,21,48,15,22,23,40,44,57,30,36,66,23,46,43,39,44,22,35,55,61,19,61,34,73,23,58,26,42,58,16,52,24,52,35,56,49,59,60,38,35,32,64,50,31,38,36,58,26,58,68,81,55,63,42,59,60,34,59,79,75,59,64,47,56,66,28,63,76,69,65,64,63,67,74,43,59,75,78,70,63,63,73,67,62,56,78,75,72,63,81,75,71,56,62,70,67,71,70,73,78,70,42,64,73,73,79,72,72,75
Norfolk-Portsmouth-Newport News VA,544,37,7,17,40,13,28,11,27,34,53,14,41,9,25,20,18,17,19,43,19,23,22,23,31,35,22,34,57,31,55,32,26,39,19,27,49,59,24,64,27,45,21,56,22,44,56,23,58,18,40,35,53,31,62,59,61,41,24,50,42,27,28,40,54,40,58,53,54,55,58,36,70,58,47,59,64,52,53,57,52,60,62,44,62,65,47,60,65,52,67,69,47,55,61,52,57,66,49,69,64,52,56,61,50,59,67,56,73,64,53,57,56,45,61,69,49,78,64,44,67,59,47,75,69,52,80
Greenville-New Bern-Washington NC,545,46,10,18,33,28,35,22,65,54,67,18,45,11,20,29,32,35,32,46,25,29,23,41,44,35,39,50,72,48,67,39,41,43,25,51,50,70,41,63,33,76,27,54,43,52,64,24,68,24,48,34,68,68,79,68,40,61,29,67,52,36,47,46,58,54,66,56,61,62,70,47,66,62,51,68,68,61,57,69,73,70,63,45,74,69,48,68,70,69,70,74,42,71,60,58,62,75,44,72,64,38,63,62,56,57,75,53,72,65,47,74,60,51,59,74,58,78,64,41,84,62,53,72,74,58,78
Columbia SC,546,45,5,12,45,19,29,11,37,35,65,19,36,12,31,22,22,25,29,51,26,22,24,41,26,40,28,43,67,31,48,39,36,41,16,43,61,67,20,60,28,63,20,40,26,46,61,22,58,21,39,34,56,56,64,65,56,45,28,56,44,27,37,41,58,44,60,62,57,55,61,48,76,64,53,62,68,53,58,62,77,72,66,45,70,70,50,69,64,85,76,77,53,61,66,61,66,62,76,81,68,55,59,70,59,57,64,79,83,66,60,62,66,45,60,69,75,83,63,41,74,69,47,69,69,73,83
Toledo OH,547,40,7,13,35,23,38,11,47,37,65,18,42,13,25,20,29,33,26,55,27,22,29,34,35,47,36,44,65,27,53,37,37,35,22,37,60,67,29,61,34,64,23,50,35,47,61,22,54,21,49,40,55,55,68,67,44,39,32,68,46,29,42,42,59,40,57,63,63,55,68,51,72,62,44,59,71,62,51,58,72,65,69,37,64,70,57,63,67,68,71,76,49,66,69,74,64,67,59,76,69,52,62,72,67,63,75,60,77,67,41,60,67,56,68,76,54,80,68,35,67,71,57,74,80,57,81
West Palm Beach-Ft. Pierce FL,548,44,5,18,35,19,41,15,23,29,62,15,35,11,30,20,18,8,18,48,19,20,18,40,30,43,18,32,63,34,45,30,38,34,15,22,46,66,21,50,28,75,19,38,19,42,50,19,43,15,48,28,38,35,54,51,32,30,19,47,23,19,18,29,61,45,59,49,73,49,60,26,61,64,41,62,56,76,50,55,36,56,61,27,52,45,56,38,49,26,55,78,41,63,51,80,52,60,34,68,71,45,55,54,80,59,57,48,71,70,44,59,51,78,55,61,47,73,70,33,70,54,77,69,65,49,74
Watertown NY,549,28,0,28,41,19,74,48,27,16,63,0,50,9,14,53,62,11,26,48,34,29,13,37,64,68,11,29,53,34,59,37,30,45,13,39,40,67,32,82,39,85,55,90,23,49,63,10,75,26,26,41,68,68,56,66,26,74,32,41,35,30,33,34,58,49,57,66,51,65,68,44,61,60,34,63,70,43,74,73,70,61,63,25,69,86,39,77,71,69,69,72,25,55,71,37,75,70,50,66,61,36,56,65,41,61,71,48,70,70,35,69,69,34,70,77,61,76,70,29,69,70,45,99,87,46,75
Wilmington NC,550,50,12,21,44,15,32,19,32,42,69,12,47,12,36,44,37,25,23,53,20,16,21,44,32,33,22,37,65,29,61,37,41,39,27,29,54,73,18,64,37,73,28,66,26,49,64,21,66,22,51,43,72,49,65,67,33,44,28,75,50,32,35,45,61,37,78,59,76,69,69,40,67,62,43,71,65,68,52,62,55,57,67,39,81,72,70,67,66,55,63,77,51,73,60,75,66,66,53,71,68,42,65,67,66,64,63,60,64,64,38,73,61,57,62,67,51,74,70,34,83,58,53,74,67,54,75
Lansing MI,551,49,8,22,58,17,52,11,43,46,75,28,37,14,27,44,23,33,24,57,29,25,25,26,47,50,37,39,67,44,57,44,37,53,21,46,56,70,32,57,34,54,38,50,37,45,60,28,54,22,43,35,64,48,65,65,64,38,33,58,53,32,50,39,57,47,59,58,70,69,61,45,62,59,53,62,72,75,60,57,62,60,65,50,68,70,64,67,68,65,71,73,52,57,67,75,80,63,58,70,64,63,52,68,71,80,65,80,73,63,51,65,66,56,74,68,55,76,62,56,71,71,63,87,69,63,78
Presque Isle ME,552,45,0,22,53,70,0,0,100,44,77,59,95,14,51,54,0,28,22,40,0,25,40,0,63,0,59,43,68,0,43,44,37,43,35,71,49,82,0,55,44,34,41,66,39,48,42,0,47,19,47,44,100,39,59,66,69,64,27,40,23,54,100,68,73,38,54,72,52,76,88,28,88,78,38,100,98,93,46,50,58,78,81,49,92,91,64,79,70,65,94,91,38,100,100,89,48,72,93,89,81,37,100,88,58,88,94,98,82,74,48,99,100,73,50,69,91,78,81,22,88,100,66,80,75,58,77
Marquette MI,553,35,5,22,46,21,28,12,24,30,58,12,38,13,20,39,25,22,21,48,16,34,32,19,41,52,36,31,56,53,72,54,46,43,23,49,59,57,25,68,38,63,25,54,27,43,52,27,87,23,47,37,56,46,60,60,28,56,33,64,52,27,29,40,58,48,75,61,67,63,65,35,64,62,51,80,84,61,70,64,44,52,66,39,93,100,49,73,73,56,74,73,39,72,75,68,71,62,46,73,63,47,80,79,53,70,70,61,77,64,58,84,73,48,80,74,51,75,69,34,95,68,55,82,75,43,67
Wheeling WV-Steubenville OH,554,50,11,35,35,33,25,32,18,32,71,35,67,16,26,16,24,13,19,63,18,22,33,33,36,53,21,49,82,30,69,52,25,62,26,31,62,64,29,60,35,38,38,54,19,43,68,45,37,24,46,48,42,32,69,75,48,39,45,60,37,33,39,50,64,41,74,64,78,60,74,38,79,77,23,72,82,75,61,100,38,56,75,38,87,78,69,66,92,41,77,87,46,87,77,70,64,85,37,86,74,48,66,75,68,80,76,60,79,76,39,73,63,60,66,100,53,76,72,24,88,73,56,80,100,43,85
Syracuse NY,555,49,7,18,47,16,40,17,38,35,71,19,40,14,24,33,23,26,22,54,22,30,26,29,47,44,38,38,71,32,50,43,36,52,20,39,50,74,21,63,32,59,27,55,36,44,67,20,58,24,40,39,57,51,58,71,47,42,30,49,55,33,39,40,62,40,60,65,54,60,58,46,66,64,37,61,76,51,68,61,81,60,70,33,63,77,48,70,67,73,66,82,41,62,69,49,67,64,58,71,69,45,60,71,50,72,69,73,74,68,44,65,67,46,70,72,74,80,69,37,67,62,45,80,72,62,82
Richmond-Petersburg VA,556,43,9,17,45,20,34,11,34,38,66,15,37,10,21,23,20,20,23,52,24,19,23,29,39,37,22,40,65,37,45,36,31,48,19,36,60,67,28,56,32,55,24,44,25,47,62,30,54,21,41,41,48,40,68,67,65,38,27,60,47,29,35,41,63,51,59,59,62,52,58,29,63,65,59,59,71,58,51,55,53,69,69,57,62,70,55,65,62,54,79,78,72,62,65,61,63,62,52,83,66,78,52,66,55,67,60,63,79,67,72,58,62,47,63,68,57,84,66,52,67,67,47,71,63,56,82
Knoxville TN,557,46,5,16,35,15,21,13,41,38,61,11,29,11,22,29,31,15,21,48,12,20,22,40,42,39,27,39,69,34,62,37,38,46,21,36,58,67,17,66,32,55,24,59,23,54,64,27,61,20,41,37,59,48,70,64,59,49,25,65,45,33,30,46,59,30,61,58,62,57,68,32,69,62,30,64,66,59,58,68,44,59,68,26,70,64,57,61,76,44,66,76,38,64,62,64,60,77,40,71,70,32,59,69,68,68,79,54,75,67,39,67,58,61,59,84,41,73,67,24,71,60,65,72,85,41,74
Lima OH,558,45,11,13,49,13,26,22,29,31,53,18,60,11,38,42,25,13,19,45,0,41,21,16,33,83,25,35,71,27,58,46,28,47,26,53,47,65,13,32,36,49,29,41,25,38,62,31,42,25,35,41,54,57,55,65,24,28,31,49,38,37,34,41,61,29,71,62,53,52,60,35,55,66,32,70,97,59,58,62,78,66,68,27,62,89,48,53,72,82,68,75,47,60,67,45,76,68,75,89,70,27,58,76,47,65,82,52,83,69,16,59,65,46,52,76,49,72,70,29,69,74,50,78,94,37,73
Bluefield-Beckley-Oak Hill WV,559,56,0,24,46,19,36,0,67,23,100,78,63,12,23,24,0,51,25,50,28,17,16,32,88,41,51,49,61,30,70,50,41,28,23,35,57,69,22,76,31,80,53,61,43,40,60,21,100,21,34,54,69,18,43,73,33,46,20,68,44,28,19,51,69,22,69,62,62,82,66,40,86,68,26,75,74,63,67,85,41,64,70,29,74,81,47,67,91,45,74,86,38,72,71,51,73,100,41,78,76,41,71,83,56,63,100,65,89,78,33,73,74,45,69,97,57,80,84,34,81,82,51,85,90,61,79
Raleigh-Durham (Fayetteville) NC,560,47,8,17,38,17,49,15,36,39,74,16,45,10,26,41,34,22,24,54,25,22,22,32,51,42,29,46,70,38,56,36,36,49,25,38,59,70,26,66,29,61,29,53,30,49,64,23,58,21,44,40,58,50,67,69,47,43,27,52,51,30,36,42,61,44,57,55,60,69,60,43,68,65,43,59,65,55,66,60,60,63,69,40,63,67,51,72,64,63,70,77,49,57,63,56,72,62,58,74,67,51,53,61,52,70,63,69,75,64,49,56,58,49,66,62,58,78,65,40,64,61,51,80,65,58,79
Jacksonville FL,561,42,5,14,32,19,24,12,29,40,57,12,50,9,31,15,16,16,22,49,20,20,19,43,32,44,18,38,57,27,52,30,43,35,19,28,55,61,20,64,23,74,22,50,23,47,58,28,52,18,54,32,59,35,64,64,63,41,26,77,44,29,32,46,61,49,59,53,89,49,64,33,68,62,59,63,62,89,53,60,53,67,66,54,69,60,80,59,66,54,69,72,60,61,55,91,56,67,46,71,65,73,60,57,90,58,61,59,75,65,66,65,55,81,53,72,43,78,65,52,68,55,87,69,70,47,76
Grand Rapids-Kalamazoo-Battle Creek MI,563,43,7,19,49,14,26,11,46,39,63,11,45,13,26,24,23,24,22,48,20,24,27,28,37,36,26,37,62,30,54,43,31,37,17,38,49,62,22,60,35,54,23,54,34,40,55,17,57,23,33,31,53,45,55,64,41,43,29,55,47,27,40,40,56,32,58,64,59,53,60,41,61,59,30,62,75,51,57,61,56,56,62,34,67,73,49,62,66,56,67,71,36,61,69,56,63,63,51,69,65,42,61,74,54,63,67,61,70,64,44,64,64,44,61,71,48,70,63,35,72,69,44,70,72,51,72
Charleston-Huntington WV,564,42,5,12,50,24,27,17,33,39,69,15,59,12,30,17,36,24,27,52,28,30,23,31,35,55,23,51,77,50,69,46,41,42,25,49,71,82,28,84,33,67,33,58,43,58,69,25,55,23,43,41,64,46,72,71,54,60,30,65,56,35,49,50,68,46,66,68,69,62,76,51,80,72,45,67,81,62,69,75,65,72,74,32,80,84,60,66,83,55,72,84,40,75,76,64,67,86,42,76,78,39,70,84,55,65,92,54,84,80,41,76,70,57,73,87,54,89,81,41,89,74,61,80,94,58,92
Elmira NY,565,41,0,28,27,15,29,25,85,40,66,18,73,10,11,33,49,13,26,42,20,17,17,16,76,40,29,39,65,15,72,41,28,35,23,31,44,61,9,57,34,38,21,24,28,32,55,0,59,21,29,36,51,37,43,64,38,40,26,51,45,30,34,33,62,22,63,60,49,56,70,35,66,69,22,54,73,54,59,73,57,57,74,36,66,73,44,60,79,72,75,74,29,50,63,43,64,71,56,63,64,18,67,69,43,69,84,60,72,69,30,70,67,44,76,87,49,83,65,13,65,72,42,71,83,43,68
Harrisburg-Lancaster-Lebanon-York PA,566,46,9,15,55,20,39,13,26,35,67,17,43,13,34,29,26,20,22,53,20,25,25,39,36,42,24,40,69,27,54,44,46,42,19,25,54,73,19,57,33,70,25,59,23,50,64,23,52,23,48,38,56,38,64,73,45,42,30,67,52,31,32,40,64,36,59,64,74,61,67,36,67,66,40,58,72,74,61,65,47,63,72,40,69,73,67,70,75,53,70,78,49,66,69,75,67,74,47,72,69,52,60,68,74,72,76,59,73,69,52,63,64,67,67,77,47,76,67,38,68,65,65,88,77,45,73
Greenville-Spartanburg SC-Asheville NC-Anderson SC,567,42,6,16,40,17,23,14,26,37,63,10,38,11,28,22,24,17,21,49,20,21,21,31,36,47,21,38,65,24,51,38,34,39,19,29,49,65,19,66,33,56,22,57,27,43,61,22,54,20,44,32,62,36,58,64,42,43,28,58,45,31,29,39,61,34,61,58,62,58,67,32,67,63,34,64,69,61,60,66,47,59,68,30,71,68,60,67,70,49,69,75,39,64,62,69,61,70,49,74,68,44,55,66,60,65,70,55,69,68,39,63,60,60,60,72,44,76,66,31,69,63,59,68,72,48,73
Harrisonburg VA,569,41,3,17,62,19,24,16,44,51,75,11,43,16,26,35,17,36,22,55,24,33,32,50,48,32,44,40,71,45,78,47,40,48,27,40,47,64,26,46,50,100,27,54,55,46,61,19,69,27,50,33,65,72,70,56,25,34,26,63,55,21,36,30,61,35,58,71,56,61,66,29,74,61,34,61,91,69,53,59,66,62,64,37,71,79,63,66,77,66,76,72,23,66,71,70,64,65,55,66,61,55,56,66,65,66,69,73,71,67,51,62,71,63,69,78,71,80,67,30,78,71,65,84,69,69,74
Florence-Myrtle Beach SC,570,55,5,24,52,31,24,10,43,41,66,31,44,13,30,33,26,17,23,46,20,24,31,27,33,25,20,47,69,49,44,39,34,36,14,39,70,62,15,51,35,67,16,36,26,44,59,25,58,23,37,30,62,40,62,63,38,37,31,41,37,27,43,34,62,35,51,59,60,37,59,48,70,63,25,58,69,56,37,55,51,60,68,36,65,68,44,47,61,57,67,73,33,63,55,58,43,69,34,62,61,24,62,54,69,37,69,26,61,63,38,63,55,46,49,65,42,71,61,30,70,58,48,55,69,42,73
Ft. Myers-Naples FL,571,48,6,11,27,18,20,10,25,21,71,12,41,9,23,20,14,13,23,58,15,25,16,29,23,40,22,37,71,33,58,31,30,38,17,26,51,77,34,74,31,63,18,40,16,40,63,25,52,20,40,34,49,27,60,71,43,39,24,61,35,29,35,36,65,45,63,49,61,46,67,29,62,66,42,70,57,62,49,58,34,52,74,38,82,58,56,60,69,40,64,87,38,66,50,65,55,67,28,68,76,44,68,52,59,60,68,43,64,75,46,68,48,52,50,63,37,72,76,35,77,50,57,62,64,42,71
Roanoke-Lynchburg VA,573,42,7,16,51,16,26,9,35,28,62,9,34,12,22,30,21,20,19,46,19,23,26,32,40,58,33,37,63,20,51,39,36,46,24,36,52,62,21,53,33,60,25,50,30,41,59,22,56,21,50,38,58,49,60,61,40,40,28,66,48,31,31,40,59,43,58,63,78,68,61,47,67,61,44,65,78,76,63,57,58,66,64,45,69,70,70,66,63,55,70,30,16,28,21,20,24,19,17,34,22,14,19,15,14,18,13,17,28,66,52,63,63,74,66,78,54,83,66,45,77,66,84,80,76,62,80
Johnstown-Altoona PA,574,47,8,17,40,9,41,11,60,36,65,17,45,12,22,22,23,34,22,48,12,21,27,29,33,39,53,32,64,37,44,41,29,41,17,41,54,61,21,66,35,49,22,69,43,44,58,26,52,24,45,40,62,69,61,59,44,38,32,48,38,29,41,37,64,48,63,66,52,67,67,62,69,65,51,60,89,53,57,66,85,61,67,43,69,79,46,64,64,82,71,76,58,69,71,51,68,68,67,67,71,53,63,78,54,70,71,78,68,70,52,71,68,45,66,81,72,77,70,44,75,72,51,88,82,65,72
Chattanooga TN,575,43,3,16,41,11,26,23,36,39,57,16,54,11,23,26,22,18,22,48,17,23,23,33,38,40,23,44,66,30,57,33,39,38,23,23,52,70,18,73,32,67,21,60,26,54,61,21,69,19,48,35,55,33,59,69,41,51,24,63,36,32,28,46,57,29,61,56,63,42,59,30,65,58,32,58,69,55,56,63,44,60,64,36,71,64,49,56,69,47,63,78,38,67,61,57,55,75,36,70,66,39,59,65,58,57,74,53,70,68,38,67,61,52,53,75,36,75,67,27,74,60,53,70,82,49,74
Salisbury MD,576,38,12,14,40,13,27,47,27,52,69,18,55,8,19,23,31,16,24,49,19,24,21,48,18,61,28,39,64,30,57,40,31,61,21,29,52,71,15,67,28,66,23,77,24,52,60,31,56,21,48,41,72,54,61,63,35,38,25,65,48,35,29,35,69,36,72,59,75,65,68,44,79,66,48,76,76,71,59,68,62,57,72,43,79,64,63,62,71,68,67,80,58,72,59,73,59,67,45,78,71,65,64,63,61,64,69,67,73,68,53,66,52,57,66,75,49,77,70,43,84,58,54,70,79,39,72
Wilkes Barre-Scranton PA,577,48,7,18,60,23,49,12,41,31,64,20,50,15,23,38,32,29,21,53,20,23,27,36,47,39,39,37,69,24,57,46,36,48,22,41,56,67,17,59,34,60,29,66,26,42,63,18,63,24,49,40,57,47,61,68,33,43,30,68,50,33,30,38,65,28,61,67,77,71,68,35,63,67,34,62,81,78,69,76,52,63,73,33,70,78,70,72,79,58,68,80,32,63,71,79,68,78,42,72,74,41,62,76,74,71,84,54,74,71,39,66,67,70,68,89,44,78,73,28,73,72,72,83,83,50,75
Terre Haute IN,581,36,6,25,74,13,38,39,95,39,62,21,39,11,32,28,18,18,20,50,29,30,32,36,41,38,34,37,66,23,56,48,40,49,17,39,67,76,19,40,42,53,24,53,42,50,60,20,73,27,40,49,51,79,64,65,31,45,32,48,45,35,50,52,58,40,66,77,70,61,64,54,90,58,45,75,85,51,49,68,71,69,64,49,71,88,46,63,65,87,76,74,34,64,71,53,62,78,61,74,66,46,57,73,60,50,80,74,76,63,52,68,73,47,70,86,62,79,63,35,83,73,44,77,79,54,73
Lafayette IN,582,54,7,13,32,9,17,7,78,45,72,35,40,9,11,46,17,38,14,52,39,31,27,14,38,27,48,37,71,40,44,30,16,48,18,70,55,70,28,45,31,25,31,28,64,50,69,39,35,24,32,35,42,95,53,74,66,37,30,34,55,23,68,43,56,41,57,56,30,70,58,57,68,61,40,48,68,35,57,62,69,57,65,51,61,65,27,76,53,100,70,69,37,41,66,35,73,54,78,70,61,70,54,69,31,76,52,95,72,60,69,50,69,26,90,68,71,84,62,36,59,70,26,83,61,82,78
Alpena MI,583,69,0,100,97,0,0,0,0,100,43,0,0,100,0,0,0,0,100,82,0,100,100,0,0,0,0,100,0,0,0,100,100,0,0,0,0,92,0,0,100,0,100,0,0,100,79,0,0,100,100,100,0,0,89,65,0,100,100,100,0,100,0,100,59,0,100,100,46,76,47,0,65,66,0,63,93,72,87,71,0,53,66,0,87,81,49,79,100,0,70,64,0,59,87,36,68,76,0,86,67,0,94,85,53,68,95,0,62,78,0,100,74,52,65,90,0,79,82,0,84,85,45,63,95,0,78
Charlottesville VA,584,43,12,19,45,15,47,12,27,35,63,17,45,11,18,29,31,16,22,46,18,24,20,34,49,45,24,40,73,51,64,40,35,50,29,31,57,74,23,61,32,49,28,43,23,52,65,31,66,22,47,46,55,33,72,65,58,42,28,43,53,25,30,38,64,46,70,64,56,88,59,35,73,69,62,66,76,60,62,70,60,61,72,53,73,77,65,81,70,56,75,80,74,75,71,68,69,67,58,76,73,71,60,68,60,73,62,68,74,72,68,67,66,61,78,72,70,82,75,55,76,66,64,91,66,77,82
South Bend-Elkhart IN,588,43,2,14,41,12,14,14,28,36,59,12,45,12,19,26,22,14,17,52,9,25,24,25,42,50,29,32,61,22,46,38,26,37,18,33,52,64,19,52,32,54,25,45,22,43,61,19,53,23,33,39,65,41,63,67,49,44,28,46,49,29,36,40,62,33,54,57,55,53,57,41,58,61,42,54,68,45,54,61,57,58,64,25,57,69,43,62,63,57,65,75,40,55,67,46,66,64,47,69,63,53,47,68,45,62,69,60,68,66,45,54,63,37,60,69,54,80,65,41,69,67,39,70,74,53,71
Gainesville FL,592,45,11,22,36,25,53,15,35,51,78,34,53,11,37,37,38,28,29,55,30,33,23,47,53,50,39,43,76,64,75,40,48,56,27,49,74,71,40,83,31,73,29,61,45,62,71,38,89,20,57,37,61,86,77,74,86,53,28,72,64,32,50,43,67,63,76,58,76,80,65,67,80,67,75,70,63,72,78,60,87,78,70,71,81,71,61,86,71,91,80,82,86,83,66,77,100,62,81,85,72,86,74,65,71,82,66,99,85,77,97,77,69,69,84,64,93,95,74,73,85,60,72,100,67,94,92
Zanesville OH,596,31,0,14,39,43,0,54,0,23,68,48,32,4,21,22,0,23,21,55,0,23,26,24,25,94,24,33,56,36,46,43,27,46,34,28,39,51,0,46,27,47,24,59,22,32,57,19,31,18,21,27,33,28,60,65,35,37,23,64,26,35,26,29,66,54,60,66,84,41,71,32,73,63,78,76,71,84,47,60,54,61,66,30,57,81,54,63,82,37,74,80,20,67,62,72,73,82,47,57,73,21,55,67,62,60,83,53,48,78,39,78,68,59,69,86,48,75,68,16,72,82,77,79,90,42,83
Parkersburg WV,597,100,0,26,78,42,83,70,0,27,63,0,55,14,39,0,0,100,31,54,0,47,16,35,40,0,25,32,72,62,49,24,75,58,24,48,100,64,37,70,46,62,36,0,20,40,72,0,53,26,74,55,56,100,100,56,75,47,10,29,100,39,29,43,65,24,66,65,52,37,73,39,85,71,33,60,73,52,63,73,46,61,72,26,82,66,48,57,98,53,76,80,19,69,76,49,72,85,35,71,76,25,61,77,65,61,93,38,100,78,35,76,65,46,76,84,35,93,81,38,79,62,56,90,98,50,89
Clarksburg-Weston WV,598,47,0,14,40,18,21,24,46,36,76,0,64,9,22,23,25,18,23,52,15,14,28,29,53,25,30,41,69,30,60,43,30,37,35,24,41,70,15,46,26,68,27,63,41,48,70,21,48,21,35,46,80,47,54,67,21,44,27,50,56,30,31,32,69,28,67,79,65,69,100,42,75,72,38,58,87,53,69,68,58,66,69,32,71,94,41,80,83,70,80,84,33,63,76,53,77,79,50,84,70,35,65,83,54,77,88,58,83,76,33,68,69,45,71,93,50,76,76,28,81,68,46,70,88,44,97
Corpus Christi TX,600,37,7,17,37,18,32,11,32,43,56,15,47,11,30,23,21,27,24,42,18,25,17,26,20,31,27,55,54,21,46,33,32,26,15,25,67,61,10,46,26,56,20,46,25,49,53,15,49,20,34,26,62,39,67,55,30,31,28,51,50,30,27,46,54,32,55,53,65,54,69,42,84,61,35,54,63,52,56,68,52,70,62,23,62,67,51,65,77,54,79,71,39,50,61,57,59,78,46,83,61,45,46,68,49,53,75,61,80,63,42,52,54,48,62,76,49,89,57,30,63,60,51,64,81,42,82
Chicago IL,602,44,6,15,41,20,31,14,26,35,64,15,39,11,24,24,24,16,21,50,20,21,21,32,33,43,21,36,65,31,46,35,34,35,19,26,53,65,19,53,28,55,20,51,20,43,59,21,49,19,42,37,54,36,58,63,43,36,24,55,40,28,28,39,56,31,50,51,65,49,65,28,59,58,28,54,58,61,45,64,38,52,63,28,55,61,54,51,66,41,60,71,35,52,56,63,52,64,38,63,63,37,48,57,55,58,63,46,64,64,41,52,54,45,56,65,45,73,65,32,58,59,45,69,66,49,71
Joplin MO-Pittsburg KS,603,45,8,16,53,44,37,16,42,34,48,12,60,8,22,22,33,24,15,43,19,24,23,11,32,34,40,31,56,35,55,50,33,43,20,43,61,56,7,40,38,59,16,63,43,50,51,17,61,22,36,30,57,17,53,56,51,37,31,49,38,31,42,42,59,24,50,68,51,41,54,42,68,58,34,58,79,57,55,62,65,67,61,31,71,71,50,53,66,66,72,72,40,60,68,63,57,73,53,71,67,53,50,68,51,61,70,56,68,64,53,69,71,50,60,71,50,80,62,25,70,65,60,73,82,52,70
Columbia-Jefferson City MO,604,56,9,12,65,23,36,14,50,49,76,27,43,17,26,29,46,38,27,58,30,24,28,33,57,24,40,46,78,49,69,50,40,57,22,67,64,73,30,85,40,64,33,65,47,57,70,38,62,25,38,42,56,68,74,79,65,56,38,74,60,31,65,50,64,64,69,67,65,68,64,56,85,67,57,67,76,64,63,60,85,66,69,50,71,74,60,75,65,81,80,80,58,70,69,64,67,69,75,88,67,60,56,62,65,68,73,87,75,68,61,66,67,56,78,68,100,90,64,41,75,65,57,81,81,86,90
Topeka KS,605,40,5,15,39,13,37,19,33,34,59,12,25,10,21,19,17,26,22,46,24,25,18,22,44,41,29,37,54,26,54,40,22,58,26,44,64,65,17,50,32,54,28,55,38,42,61,36,53,22,36,49,50,48,70,62,51,41,26,50,46,31,41,40,55,27,58,62,53,64,68,44,66,59,36,57,74,50,69,52,77,66,57,30,60,71,48,75,70,73,70,69,35,61,64,52,66,70,47,63,57,33,58,64,48,70,71,75,69,62,44,58,63,43,71,76,65,73,65,35,67,71,47,81,77,61,73
Dothan AL,606,46,11,30,20,26,51,29,75,41,64,26,88,11,15,31,57,13,17,43,17,38,19,48,14,38,30,27,55,34,60,36,43,32,26,36,63,54,13,72,34,95,19,81,22,38,55,27,38,16,47,34,53,36,63,60,62,40,27,68,37,35,25,36,57,25,54,66,75,51,65,25,71,54,26,65,56,55,41,71,28,52,61,24,82,62,54,46,69,28,64,72,42,72,62,70,58,80,35,70,71,41,53,63,62,44,75,41,74,64,45,65,65,63,54,91,40,72,63,24,84,66,61,68,78,50,79
St. Louis MO,609,47,8,15,43,23,25,15,26,39,64,12,46,11,28,26,27,17,23,50,21,24,22,39,34,47,26,43,65,28,53,36,39,40,22,27,58,63,19,57,32,62,22,54,23,44,59,19,56,19,47,36,57,39,63,63,41,43,26,60,43,31,27,40,58,35,58,57,69,55,64,35,68,62,31,57,63,65,52,65,41,57,66,27,64,62,61,58,71,44,66,75,34,60,59,71,58,72,39,68,67,37,54,62,65,60,70,50,70,68,39,61,60,59,65,74,44,78,69,33,66,61,59,73,72,48,75
Rockford IL,610,52,10,20,53,13,55,10,31,42,58,17,49,13,15,18,0,29,18,44,22,27,19,39,27,13,34,43,66,18,64,43,27,34,22,40,47,71,9,75,29,40,29,66,29,44,58,14,53,24,32,35,50,32,70,59,56,42,26,58,57,35,30,45,58,33,56,59,80,51,58,34,61,62,31,64,68,62,61,69,58,67,64,36,63,70,56,58,76,54,72,78,40,54,68,54,64,74,41,78,66,46,60,73,52,68,75,52,68,71,38,58,64,45,61,78,46,78,65,28,63,65,45,64,76,37,73
Rochester MN-Mason City IA-Austin MN,611,71,18,26,64,16,33,25,40,58,98,46,68,18,21,40,40,32,31,77,53,38,35,27,74,68,41,55,100,100,75,50,33,68,28,51,65,100,41,88,39,59,39,78,34,64,100,51,76,25,38,53,68,75,80,100,98,59,29,56,65,39,44,49,100,100,87,71,59,100,65,61,100,100,100,93,87,50,100,71,100,91,100,100,90,88,48,100,66,91,98,100,85,66,70,44,75,69,66,73,100,98,66,75,47,96,76,100,95,100,100,74,67,33,100,75,87,99,100,70,88,72,37,98,87,100,100
Shreveport LA,612,42,9,22,45,28,18,17,33,40,52,15,30,9,30,31,25,13,20,43,28,27,22,33,25,44,27,39,57,29,49,38,36,38,14,34,48,62,20,46,30,60,24,62,22,41,54,16,47,19,44,26,66,32,59,57,42,44,21,58,29,35,27,40,60,50,61,56,65,56,71,37,79,59,41,61,67,60,61,67,48,64,64,43,74,71,55,64,77,51,73,71,50,63,67,59,52,73,51,71,66,63,62,63,64,49,74,62,83,68,59,68,57,59,57,82,44,85,65,48,77,65,62,61,79,38,84
Minneapolis-St. Paul MN,613,43,7,15,43,16,33,13,31,36,64,15,46,12,19,27,21,21,22,50,23,23,23,24,36,42,26,38,62,38,50,37,27,39,19,31,55,63,25,57,30,52,24,46,26,46,57,25,51,20,38,39,49,37,62,61,46,41,26,52,49,28,30,40,55,35,58,54,55,57,65,32,62,56,34,59,64,50,56,62,46,57,59,31,65,65,49,62,68,48,63,67,41,57,63,56,63,62,39,68,62,48,55,66,47,65,64,56,69,61,46,64,61,38,61,67,51,77,62,37,68,66,36,80,66,53,75
Kansas City MO,616,45,6,16,41,15,36,15,27,36,66,18,51,10,24,26,28,19,23,51,19,25,21,32,36,42,23,39,62,30,56,36,35,40,23,29,56,65,24,58,29,59,22,55,23,44,60,27,62,21,42,35,63,36,63,68,54,45,27,62,46,32,28,43,59,51,58,53,62,52,66,31,63,61,42,59,67,58,52,62,46,61,64,35,62,62,52,58,69,43,69,76,47,60,61,63,61,67,46,73,68,54,54,65,63,65,66,55,75,67,52,61,61,58,60,69,49,83,66,44,66,65,57,74,71,50,79
Milwaukee WI,617,42,7,17,48,15,40,12,27,39,65,17,44,12,22,25,28,17,23,49,21,24,23,23,40,44,24,39,68,36,58,36,36,41,18,28,53,64,26,64,33,63,26,53,23,43,60,29,58,21,49,40,53,36,63,68,53,44,28,71,45,30,31,40,59,37,58,57,66,58,62,31,64,61,38,63,72,62,57,60,45,61,62,36,64,65,53,61,63,54,66,71,42,59,65,59,61,64,43,70,65,47,58,65,55,64,64,55,71,65,46,58,61,41,58,68,51,74,64,38,64,62,43,67,68,56,74
Houston TX,618,47,8,16,33,18,29,12,24,37,68,17,45,9,21,26,26,16,21,54,23,23,18,26,36,40,19,38,70,36,48,31,28,40,21,24,53,69,24,54,25,46,22,51,18,43,59,23,49,17,35,30,55,31,60,68,53,41,22,52,46,29,24,42,55,35,52,45,55,52,62,27,60,58,34,50,52,50,60,60,37,55,62,34,57,52,43,62,62,41,62,70,41,53,51,47,59,60,38,67,62,40,47,50,48,51,61,40,67,61,44,52,48,41,57,65,41,75,61,35,59,53,40,74,61,44,74
Springfield MO,619,44,6,16,47,15,24,17,43,34,59,15,39,13,19,19,17,22,20,46,18,23,24,27,28,34,29,38,63,34,59,42,37,38,19,38,53,59,16,60,36,55,20,58,33,44,57,19,52,24,37,39,54,43,55,66,37,47,29,51,43,27,34,38,58,36,61,60,62,51,63,33,69,61,35,66,74,60,61,71,48,65,62,36,74,71,51,64,79,53,64,72,45,71,69,59,68,73,48,74,66,42,61,72,66,53,79,58,74,65,42,72,65,57,62,80,55,76,64,29,79,66,58,67,80,45,77
New Orleans LA,622,43,8,14,39,20,30,15,27,35,57,23,43,10,25,28,16,17,20,43,22,25,22,28,37,30,18,36,59,42,60,37,40,42,25,28,56,61,33,71,28,58,25,50,23,46,55,26,55,18,45,30,57,38,59,61,57,45,25,58,39,28,29,39,56,57,62,51,60,55,68,41,66,59,41,64,56,60,49,75,38,57,62,36,70,60,56,55,79,40,62,69,40,64,53,62,52,75,33,63,63,49,59,55,57,57,68,50,69,63,50,66,52,51,55,73,55,75,60,46,72,57,55,62,70,50,73
Dallas-Ft. Worth TX,623,38,7,16,35,19,27,12,22,35,57,15,41,9,27,25,24,13,21,44,20,22,19,36,32,40,19,39,56,27,45,31,34,36,19,21,49,57,19,52,26,53,19,51,18,39,55,20,48,18,43,31,55,31,57,52,33,33,20,49,34,24,19,32,49,26,49,45,65,47,66,21,55,53,27,50,53,67,54,67,32,51,56,27,54,55,59,57,66,34,57,63,36,48,53,64,60,68,32,64,56,39,47,53,60,53,66,38,65,57,41,53,51,54,56,68,37,71,55,35,55,52,50,64,61,39,69
Sioux City IA,624,43,5,13,48,21,34,16,17,28,55,15,45,16,29,21,31,28,24,52,33,22,32,37,57,53,28,40,61,33,53,49,26,39,15,48,56,67,27,60,43,65,18,51,42,47,56,12,50,24,37,34,52,45,58,67,60,54,31,55,40,27,42,36,58,42,51,70,52,51,67,33,71,56,40,60,83,46,43,55,55,62,61,42,64,74,42,53,63,51,63,75,55,55,69,50,55,70,54,73,62,58,59,73,49,55,68,58,68,63,39,59,60,37,60,68,51,73,64,39,75,76,38,74,68,60,76
Waco-Temple-Bryan TX,625,40,11,14,37,17,19,13,40,39,54,15,37,12,15,32,22,19,21,44,16,16,23,23,38,47,28,37,56,34,50,32,28,42,20,37,52,52,33,49,26,51,27,46,33,44,48,26,49,19,33,30,52,51,54,53,61,35,26,49,45,31,39,34,48,44,54,52,50,74,62,44,64,50,45,55,68,49,77,70,59,57,55,39,59,65,47,77,67,54,64,63,35,56,53,62,53,74,36,66,56,49,51,64,54,62,71,66,69,55,55,51,63,42,74,79,81,77,57,41,65,64,45,92,75,81,79
Victoria TX,626,64,0,35,100,0,0,0,0,35,70,0,68,14,100,76,0,0,26,52,0,15,44,44,0,70,0,63,69,22,46,43,32,64,13,0,43,57,46,53,28,50,26,65,0,51,53,28,47,18,52,45,42,0,63,62,21,33,25,66,42,26,0,44,58,25,65,56,94,54,89,0,71,60,41,64,54,49,67,83,0,58,54,25,75,63,69,77,83,0,80,68,14,44,64,100,52,69,0,76,66,34,43,51,61,58,81,0,72,65,33,70,58,68,58,66,0,87,63,31,57,58,76,69,76,0,84
Wichita Falls TX & Lawton OK,627,40,15,17,32,27,26,15,57,29,61,55,51,8,42,30,37,27,20,49,15,26,26,48,26,34,18,37,46,46,56,32,57,39,18,36,62,54,23,60,28,80,22,65,26,47,60,23,65,19,53,37,62,60,65,64,46,39,24,70,48,30,37,49,53,23,58,57,82,61,69,39,68,52,37,54,63,86,53,75,50,58,59,23,59,64,70,60,81,57,70,66,39,46,65,75,71,80,55,71,60,49,55,75,71,64,82,53,75,61,32,65,66,75,64,82,48,84,59,23,74,65,72,71,84,45,71
Monroe LA-El Dorado AR,628,58,19,17,35,23,44,19,57,64,84,28,32,18,25,31,0,21,34,54,43,22,31,16,41,26,60,57,61,86,78,47,35,30,15,37,62,61,65,68,32,47,23,51,55,50,60,32,60,29,56,35,53,63,66,66,86,57,36,58,31,34,48,49,65,50,65,60,65,43,59,46,81,61,49,69,75,59,53,62,65,69,67,42,73,72,55,58,63,62,79,72,45,59,61,71,69,73,48,82,69,60,56,65,67,60,67,78,83,66,57,70,58,63,48,74,54,89,66,44,78,56,71,58,81,45,89
Birmingham AL,630,48,11,22,37,25,39,15,27,42,71,21,54,11,34,24,29,22,26,53,31,27,21,46,43,46,29,44,70,52,70,39,49,43,21,36,64,69,33,73,30,70,22,57,27,48,64,40,60,21,54,27,57,38,63,69,84,50,26,71,42,31,34,42,64,62,64,57,81,51,66,43,76,66,69,63,67,77,55,65,55,68,71,67,72,71,74,57,70,55,73,78,70,64,67,79,59,73,52,77,69,85,62,67,76,54,70,63,76,71,75,69,61,74,56,77,49,81,68,64,81,61,79,65,70,49,81
Ottumwa IA-Kirksville MO,631,58,0,14,59,17,33,14,30,39,63,38,62,10,26,27,43,37,35,57,41,28,24,39,44,51,48,48,78,45,67,52,32,48,26,46,64,81,10,55,39,53,20,100,46,39,54,31,69,27,41,47,43,83,86,65,46,52,28,41,63,35,59,48,58,46,61,61,44,59,63,56,55,63,35,68,91,34,53,53,80,75,67,41,79,79,42,88,83,73,74,75,30,61,64,50,48,77,37,68,68,35,71,97,51,89,65,94,92,67,39,68,73,45,83,66,71,96,70,33,73,76,35,91,87,62,88
Paducah KY-Cape Girardeau MO-Harrisburg-Mount Vernon IL,632,52,4,17,55,16,18,18,36,34,68,27,40,16,31,23,18,25,27,50,22,23,31,48,37,43,51,39,64,32,54,52,41,32,17,61,62,72,19,55,38,57,26,53,45,51,59,21,66,25,54,37,35,77,59,70,68,43,35,55,40,28,49,45,62,69,70,65,67,54,70,36,70,65,53,65,73,77,52,68,65,62,69,40,76,80,61,64,72,55,73,77,55,69,74,77,64,85,58,78,69,58,56,74,68,50,81,64,79,69,68,73,68,63,60,83,54,79,70,50,84,64,68,72,89,54,85
Odessa-Midland TX,633,36,0,14,34,28,22,0,24,30,49,0,45,16,0,25,37,24,27,36,16,27,25,20,29,55,12,45,45,29,50,35,32,30,9,27,57,55,18,36,30,47,19,49,31,55,52,13,70,21,31,25,67,28,76,49,24,39,31,58,42,21,40,41,52,20,48,55,52,54,66,31,72,54,23,57,60,50,56,78,28,68,53,23,63,61,43,63,76,36,77,61,25,56,59,46,58,77,40,72,54,36,45,60,48,48,77,48,67,54,34,51,51,57,49,79,35,76,51,25,56,53,51,67,77,32,79
Amarillo TX,634,41,6,16,51,14,20,12,20,42,49,17,37,11,31,53,17,15,33,46,21,22,28,20,35,29,33,41,59,29,59,38,26,45,19,28,54,51,20,49,27,54,30,44,21,41,51,9,53,21,34,28,38,31,59,61,33,44,30,48,51,29,21,32,51,31,47,65,62,59,69,25,67,55,31,56,69,50,68,66,29,69,62,32,60,62,54,68,69,35,67,67,34,54,67,62,58,77,39,74,61,37,50,65,61,60,81,45,75,61,34,56,54,46,61,88,35,83,58,34,67,62,48,85,84,38,73
Austin TX,635,37,5,13,38,18,31,17,22,33,53,15,35,10,24,28,30,15,19,44,20,22,18,31,38,44,19,35,56,31,42,31,36,45,24,23,49,55,21,50,27,57,22,60,20,42,51,23,46,18,44,33,59,33,57,54,37,35,25,58,44,27,27,38,51,28,50,49,65,59,68,27,60,53,28,51,57,64,61,64,39,56,58,27,57,57,60,68,67,45,65,66,30,52,51,64,63,69,35,67,56,36,45,53,54,61,61,44,67,56,33,52,50,49,62,63,40,73,57,30,54,54,51,76,63,43,73
Harlingen-Weslaco-Brownsville-McAllen TX,636,33,6,19,45,29,43,15,38,54,50,25,30,12,27,20,27,29,30,43,32,21,22,15,18,37,33,44,51,39,46,37,32,42,17,41,54,51,22,40,26,54,17,34,31,54,47,20,40,19,45,28,36,43,78,55,48,36,27,57,38,26,36,50,53,42,39,56,79,52,45,41,72,55,45,44,59,80,61,49,68,63,54,40,40,52,50,49,48,67,65,59,44,32,43,46,34,41,42,75,54,40,30,45,40,37,42,54,73,56,46,40,49,46,46,58,50,94,55,37,49,55,43,60,62,56,96
Cedar Rapids-Waterloo-Iowa City & Dubuque IA,637,55,11,15,63,13,27,17,51,42,76,23,45,13,18,33,25,32,23,57,31,22,32,30,56,47,42,45,72,33,58,50,26,50,25,48,61,73,32,58,35,59,28,79,36,48,65,25,67,26,47,42,54,60,68,73,64,51,33,55,56,27,48,46,62,42,64,68,60,60,67,44,63,63,37,59,71,56,62,63,68,64,64,48,69,80,50,71,69,68,71,76,51,68,72,56,66,68,58,78,68,54,56,69,51,67,71,70,77,67,47,63,68,43,68,75,69,84,68,42,72,67,38,76,77,72,79
St. Joseph MO,638,46,11,17,70,0,26,23,58,28,57,69,31,10,17,29,25,28,19,48,31,21,26,26,37,70,43,34,59,47,66,41,42,41,16,47,63,58,38,64,41,45,19,41,33,60,56,30,51,21,30,34,77,65,45,61,52,54,28,73,46,33,49,38,62,51,59,65,58,68,74,69,56,61,76,63,76,59,78,62,63,59,67,41,69,79,55,58,68,65,73,82,64,65,77,68,72,91,31,71,64,68,64,67,60,76,81,57,84,64,57,65,64,43,77,70,58,69,67,49,75,68,45,71,72,52,84
Jackson TN,639,38,8,16,36,20,14,12,18,27,56,17,35,12,27,15,23,16,16,40,16,24,18,27,24,66,16,33,65,30,56,41,39,33,21,24,46,58,16,47,27,52,15,80,20,41,58,13,56,20,43,32,70,32,52,61,36,45,28,53,41,37,29,38,69,84,78,58,69,52,57,33,81,61,78,65,74,64,61,64,41,70,70,85,71,80,59,76,78,42,76,87,62,64,69,70,69,73,51,83,83,71,62,71,74,56,80,78,85,77,77,67,62,67,57,79,52,88,72,82,84,58,76,66,80,53,95
Memphis TN,640,48,8,15,34,19,21,17,28,41,67,20,38,9,29,25,32,21,27,51,37,23,20,36,35,55,25,39,68,44,56,32,36,40,20,26,61,71,30,58,27,64,22,58,25,50,63,37,60,17,47,32,51,42,66,67,72,40,23,65,41,27,28,49,62,66,60,56,70,50,61,45,82,67,78,59,63,64,49,60,63,72,68,70,62,63,59,59,66,73,79,76,79,63,57,72,56,69,52,80,67,83,58,58,69,49,67,62,78,68,90,60,55,62,56,69,57,82,67,77,68,54,62,58,65,49,84
San Antonio TX,641,39,5,15,38,16,37,11,24,40,60,12,34,8,28,28,28,14,25,47,24,23,18,31,36,54,19,45,60,41,55,30,41,46,19,32,65,60,27,59,24,60,25,59,23,54,56,29,58,17,45,38,56,42,75,59,55,37,25,57,52,33,27,48,51,42,47,49,67,58,63,30,70,51,31,43,52,60,53,56,34,55,57,27,52,51,56,51,66,34,63,66,41,53,51,66,57,67,39,77,59,43,47,53,62,56,66,47,76,58,40,49,52,51,57,69,43,83,58,36,57,57,53,71,71,44,90
Lafayette LA,642,36,13,14,41,26,17,12,18,32,43,19,37,11,17,17,19,14,14,39,39,25,21,40,27,32,20,29,51,62,57,31,35,24,12,22,50,50,25,55,27,60,14,57,17,40,50,27,47,20,44,28,58,47,48,56,52,44,22,52,29,32,20,34,51,64,62,55,54,41,69,31,57,56,54,64,61,54,39,63,44,54,59,62,71,60,45,48,73,40,58,67,71,69,61,54,52,74,29,58,59,87,67,62,56,53,70,48,64,62,89,68,55,51,50,73,38,67,61,78,74,63,55,64,72,41,65
Lake Charles LA,643,41,19,21,21,0,0,0,32,52,43,81,100,9,0,74,0,0,36,54,34,16,15,56,69,51,34,38,55,35,44,41,43,19,20,10,37,59,34,64,29,63,21,82,42,43,53,20,69,19,43,34,32,26,61,53,30,57,20,73,50,40,32,31,52,40,62,52,65,47,65,31,71,56,40,71,67,63,56,82,52,57,65,33,67,66,53,63,71,38,70,69,37,65,62,67,56,68,32,66,66,48,62,64,60,40,79,46,66,61,49,67,56,50,50,73,33,74,60,47,86,65,58,58,76,39,64
Alexandria LA,644,36,0,49,64,26,51,44,38,55,53,0,57,11,0,49,72,26,20,34,42,20,24,59,100,62,21,40,47,47,59,33,39,28,27,14,35,54,23,40,27,59,17,41,21,42,45,37,41,21,57,17,47,28,58,58,42,48,21,47,47,26,32,27,51,38,56,52,72,50,65,25,75,58,29,61,82,59,44,55,64,55,52,38,69,69,55,54,77,45,65,68,48,55,60,56,44,81,48,60,62,60,63,66,61,52,91,58,68,61,43,70,58,63,65,79,54,79,58,42,79,63,84,47,94,37,70
Greenwood-Greenville MS,647,34,0,33,97,52,100,0,0,65,74,100,81,9,0,90,0,73,44,74,0,65,33,0,83,0,51,86,83,0,100,41,62,100,100,66,100,92,100,92,20,77,26,84,100,54,55,100,46,18,56,14,93,44,50,58,61,61,33,99,41,28,88,60,61,100,43,69,69,48,46,100,82,65,62,55,76,68,50,72,89,100,74,65,82,71,57,47,51,57,95,77,52,55,85,65,49,62,73,90,71,85,55,74,72,36,67,86,85,73,73,64,59,58,46,65,85,100,67,45,90,49,97,44,68,86,100
Champaign & Springfield-Decatur IL,648,44,7,13,55,13,44,16,35,42,71,19,47,14,17,33,30,26,26,58,25,23,27,20,49,32,42,46,77,32,47,45,31,56,25,49,64,72,33,66,37,47,25,46,48,53,64,26,58,25,32,41,44,73,66,70,79,39,35,48,52,24,49,46,59,50,60,64,50,63,67,53,69,64,52,63,77,51,60,59,77,63,66,47,61,68,47,69,69,88,73,73,52,64,67,50,66,66,68,75,67,64,51,67,51,69,64,85,77,65,61,58,64,45,71,70,75,77,68,56,68,66,48,74,76,77,78
Evansville IN,649,53,6,22,55,26,20,11,35,37,61,22,41,12,37,22,21,23,26,52,12,20,23,53,40,38,27,49,71,26,67,44,41,46,27,47,72,69,24,65,32,63,23,57,19,51,59,15,58,21,47,36,57,28,61,67,40,45,28,75,49,39,29,49,63,39,64,68,71,57,71,41,73,66,36,60,73,66,56,77,58,64,66,29,72,78,64,60,76,62,73,74,38,67,70,74,65,82,53,80,68,41,64,75,63,60,81,64,79,68,39,75,70,55,58,81,49,83,66,36,70,71,61,67,83,51,75
Oklahoma City OK,650,41,5,12,39,17,33,16,31,38,60,16,41,10,24,29,31,16,24,46,17,20,21,29,29,42,26,40,60,29,48,36,32,37,21,32,61,59,22,53,27,56,21,61,26,48,56,21,53,19,39,29,61,35,61,60,41,37,24,54,48,34,28,42,57,32,60,55,60,57,62,38,71,57,32,55,63,56,64,65,56,67,62,27,71,60,56,65,79,42,65,74,32,60,53,65,63,78,36,65,63,43,56,55,60,59,72,45,68,63,45,58,59,47,66,79,51,80,62,32,64,61,48,74,77,49,76
Lubbock TX,651,37,5,19,47,20,15,18,35,37,53,13,40,14,29,40,21,22,22,46,26,25,21,48,44,29,30,40,69,40,53,43,36,51,20,27,65,59,25,63,26,61,24,58,32,47,53,19,43,21,40,26,50,46,63,54,46,40,26,54,50,31,30,37,57,33,58,64,76,80,65,39,70,53,38,52,68,71,55,57,53,68,55,48,60,69,57,66,67,52,65,65,47,47,68,68,58,77,49,65,56,42,44,66,56,64,76,57,74,57,50,60,64,52,66,71,60,79,59,36,65,64,56,79,75,66,78
Omaha NE,652,46,9,15,41,17,36,20,35,45,63,15,47,11,27,31,23,21,25,53,16,23,25,28,38,58,27,43,64,34,60,36,36,46,21,29,57,66,19,56,30,54,30,62,25,51,63,17,56,20,43,39,63,44,67,68,44,43,27,58,60,32,31,43,56,31,56,58,58,62,67,35,68,62,32,58,63,65,53,66,50,62,67,31,67,67,58,65,75,52,70,76,34,60,60,70,60,73,45,70,64,36,52,58,66,63,74,53,73,65,35,63,57,58,62,72,49,78,66,27,69,58,60,73,77,51,77
Panama City FL,656,36,5,17,40,21,22,29,16,23,48,14,56,6,15,15,29,4,15,43,15,25,18,28,24,27,16,28,49,21,51,25,39,43,13,15,57,61,19,70,28,64,16,57,19,34,53,12,59,16,36,25,58,33,48,61,29,50,20,56,33,29,21,37,60,30,65,49,70,43,59,24,64,59,39,70,60,63,45,62,32,55,59,33,88,49,64,52,78,38,60,65,68,81,54,61,52,75,32,59,63,67,72,50,71,51,71,44,73,63,40,70,56,62,54,77,31,64,64,39,78,50,64,56,71,29,65
Sherman TX-Ada OK,657,48,22,16,48,26,50,43,38,41,55,24,38,14,58,27,0,26,21,53,72,13,28,16,13,50,19,32,54,31,55,36,24,55,14,36,74,59,26,91,32,40,11,74,33,48,59,23,51,25,45,32,74,37,48,63,69,48,35,70,49,19,28,44,56,28,68,63,73,49,58,32,66,59,39,64,75,63,68,63,42,63,62,39,75,73,57,70,60,47,71,68,47,64,66,74,65,74,53,79,65,42,63,64,70,60,77,63,75,63,46,73,68,56,67,79,41,81,60,31,77,69,62,70,85,31,80
Green Bay-Appleton WI,658,44,7,16,51,13,23,15,29,34,56,7,40,14,18,24,17,17,18,48,15,22,27,22,34,37,25,38,58,29,52,41,23,36,17,27,44,60,14,64,35,54,24,55,25,45,58,13,64,20,32,36,59,44,55,62,43,41,29,49,43,29,28,35,56,29,61,60,50,53,61,35,57,60,28,63,69,44,55,59,51,54,60,25,65,75,42,60,67,56,64,68,31,58,67,50,62,63,49,67,63,29,57,72,44,63,65,59,60,61,34,65,62,36,61,70,50,69,63,29,71,64,37,74,74,51,63
Nashville TN,659,50,10,18,47,23,27,17,31,44,64,16,44,11,27,33,30,25,26,52,23,23,25,41,41,45,28,47,68,35,54,40,39,43,22,36,64,71,29,66,33,65,23,53,30,54,65,25,55,22,46,36,57,55,74,70,64,54,26,78,52,32,39,50,64,48,64,57,75,66,70,39,76,66,45,63,67,68,63,68,54,65,68,36,72,62,65,63,79,50,70,79,43,65,59,77,66,80,41,77,70,49,59,61,73,62,76,51,72,68,42,66,55,64,64,77,49,79,65,36,74,60,66,78,76,50,81
San Angelo TX,661,30,0,15,57,47,0,0,33,29,68,21,45,7,25,57,56,25,26,38,44,10,16,65,26,24,38,33,65,34,34,40,59,45,15,16,45,64,13,33,37,64,21,48,18,39,48,28,59,23,56,23,42,19,40,57,49,41,26,52,57,23,35,41,58,24,66,52,100,52,66,41,66,54,34,58,60,100,69,85,60,65,58,31,58,62,100,63,92,51,73,66,39,54,66,98,54,99,31,75,62,39,42,66,100,58,77,51,80,59,44,64,61,86,70,75,50,79,55,32,73,54,100,71,74,53,89
Abilene-Sweetwater TX,662,27,0,16,67,17,50,32,28,45,51,29,36,10,57,23,30,29,21,43,38,20,21,36,36,57,32,31,55,32,64,32,72,28,26,32,61,54,7,61,30,85,24,55,21,43,59,28,37,17,77,26,78,22,65,55,33,42,26,68,43,21,24,36,51,26,46,44,58,32,52,16,48,58,27,57,59,71,44,50,35,58,57,33,64,81,95,78,76,65,79,70,53,59,76,91,75,77,39,69,60,32,51,78,100,61,74,65,80,61,50,69,65,100,66,77,48,80,56,32,68,64,92,80,77,31,88
Madison WI,669,49,4,13,48,13,25,12,32,37,69,11,45,12,18,34,23,14,20,56,16,25,25,25,45,36,23,38,68,29,54,40,30,52,20,31,54,67,21,59,31,50,29,61,25,45,61,18,53,21,38,41,63,40,58,66,46,40,27,46,56,31,34,42,59,30,58,60,53,71,60,38,68,59,24,65,63,51,62,66,44,55,61,26,64,63,44,69,66,45,66,71,30,59,61,52,64,68,41,64,64,34,57,59,47,69,72,48,64,63,35,62,57,39,81,70,53,72,63,28,67,60,38,83,73,55,73
Ft. Smith-Fayetteville-Springdale-Rogers AR,670,48,5,18,34,23,17,12,50,36,62,11,41,12,21,25,19,27,23,44,19,19,25,28,32,19,21,37,57,36,46,35,38,23,21,32,51,52,15,55,29,56,19,49,25,38,49,17,55,18,49,27,58,43,51,60,44,33,23,65,45,27,25,33,55,35,57,57,71,62,66,35,65,54,30,57,71,77,56,69,50,58,60,25,66,73,64,62,68,55,66,65,28,55,67,69,75,69,39,71,60,43,49,69,72,57,71,53,64,58,38,58,63,71,69,77,45,75,59,25,65,61,74,73,78,47,80
Tulsa OK,671,35,4,19,36,21,44,17,18,39,57,10,41,9,34,25,20,16,24,50,17,26,18,33,27,29,22,44,63,21,54,28,39,30,17,18,52,63,9,55,27,63,18,38,20,43,60,20,58,16,39,28,51,33,60,62,30,45,24,52,40,26,24,43,59,31,61,50,59,51,61,33,66,64,27,62,61,58,56,64,45,64,65,30,67,68,53,61,69,52,69,63,38,58,57,50,53,62,33,64,43,25,44,41,32,39,44,32,51,57,35,56,50,52,53,64,37,69,60,29,61,57,77,61,59,52,80
Columbus-Tupelo-West Point MS,673,48,8,14,29,19,37,16,34,26,72,19,28,9,10,27,31,31,19,50,33,20,24,38,49,83,50,39,68,42,64,33,38,69,20,70,65,58,27,58,31,43,23,37,46,53,57,23,51,23,35,38,54,94,76,51,76,54,35,67,60,28,69,39,57,67,69,59,77,68,59,60,81,60,50,70,74,78,63,67,76,77,63,28,60,56,62,45,66,35,56,75,48,60,56,69,43,73,32,64,62,55,57,70,67,61,67,81,76,69,54,63,69,65,65,72,66,86,65,47,70,64,68,62,69,56,81
Peoria-Bloomington IL,675,48,7,14,51,21,27,5,43,39,69,17,54,17,18,32,14,28,24,47,20,30,29,31,37,35,34,46,61,35,63,44,26,41,19,52,66,69,13,59,33,49,24,37,40,50,66,22,55,24,36,42,50,54,76,70,41,51,32,54,48,24,37,50,62,30,71,59,62,56,63,46,71,63,33,63,69,46,65,63,59,65,68,36,67,67,45,65,67,62,72,78,43,67,67,47,69,69,53,74,67,47,65,67,45,65,73,66,71,70,45,69,67,40,66,73,55,81,73,34,73,68,40,79,72,53,81
Duluth MN-Superior WI,676,45,9,15,64,9,57,23,59,45,66,12,40,15,20,28,28,31,21,52,19,25,33,31,57,32,35,42,65,36,72,44,30,47,24,44,53,65,18,80,43,62,26,55,36,56,59,19,73,22,44,36,62,43,64,63,40,54,36,46,51,23,38,42,61,37,78,72,54,69,71,59,74,61,46,83,90,53,71,66,58,75,64,38,100,91,52,69,72,57,76,74,50,79,76,55,67,66,55,79,68,53,73,78,47,64,75,61,76,65,46,82,72,41,61,73,68,82,65,29,96,74,41,78,69,66,85
Wichita-Hutchinson KS,678,39,6,21,53,13,40,18,44,38,60,12,49,13,21,32,23,23,21,44,22,23,26,27,46,35,35,39,62,37,63,39,28,37,21,37,50,60,21,67,32,39,19,46,28,40,55,21,61,21,36,32,64,37,57,61,30,39,28,45,39,25,30,39,56,32,63,60,55,53,58,38,70,58,38,59,67,50,53,61,47,56,60,22,64,62,53,51,67,42,64,66,28,51,53,58,42,66,30,59,65,51,57,68,52,62,72,51,70,63,43,65,60,45,58,75,43,80,65,38,70,63,50,76,72,49,79
Des Moines-Ames IA,679,46,7,15,48,15,38,15,32,42,65,8,43,11,19,28,20,17,23,50,15,22,27,24,45,40,34,42,67,29,58,45,30,53,20,43,56,64,16,59,31,51,27,54,29,52,59,17,57,22,42,36,53,41,64,65,39,40,27,56,50,25,37,45,56,30,52,55,62,62,62,35,64,59,28,56,74,54,61,57,51,59,61,27,60,66,52,55,73,55,65,71,33,53,65,61,66,65,48,74,61,39,52,71,58,66,75,63,71,60,45,52,62,41,64,73,60,77,61,33,62,63,42,80,70,60,77
Davenport IA-Rock Island-Moline IL,682,43,7,18,44,16,36,14,26,40,63,14,48,14,24,26,37,20,25,52,29,27,23,31,33,40,23,41,60,38,60,44,26,35,20,31,48,61,19,47,34,48,24,40,27,43,59,19,60,23,35,34,45,50,67,67,44,39,29,44,43,21,26,38,58,48,61,58,57,54,61,37,66,61,40,57,69,49,56,59,52,61,63,40,63,74,47,58,67,49,64,69,54,53,68,52,52,71,48,76,65,54,58,69,49,54,80,67,73,66,58,59,67,44,56,76,50,78,64,44,70,68,44,62,79,51,78
Mobile AL-Pensacola (Ft. Walton Beach) FL,686,39,7,18,37,19,22,10,25,37,54,15,50,10,29,24,28,9,19,49,17,21,20,30,31,40,22,37,63,26,58,31,31,34,18,24,47,64,17,66,27,56,19,51,19,40,55,17,57,17,45,33,51,30,56,59,38,46,24,56,41,27,27,38,60,32,67,57,62,50,62,27,65,63,40,65,62,58,52,65,45,61,65,37,73,66,55,58,71,49,66,77,44,67,56,63,61,75,35,71,68,43,64,60,63,58,74,46,77,68,50,68,59,54,54,73,40,73,65,39,76,53,61,64,72,46,72
Minot-Bismarck-Dickinson(Williston) ND,687,46,6,16,64,14,31,21,23,48,64,23,45,15,15,32,43,26,25,56,22,28,39,40,52,48,29,45,66,39,65,48,36,54,16,47,56,68,19,73,37,51,28,40,29,46,64,18,57,26,42,35,47,51,64,69,33,48,38,59,50,27,29,42,54,21,73,59,55,56,67,31,62,57,24,69,62,33,53,64,38,61,58,31,81,62,33,58,78,44,66,64,18,76,63,45,65,71,34,68,62,29,70,64,39,76,80,36,68,60,22,73,61,40,67,77,34,71,63,22,82,58,36,64,81,47,76
Huntsville-Decatur (Florence) AL,691,41,7,18,48,18,29,12,20,34,60,14,46,9,26,26,11,16,23,47,16,19,18,33,32,35,21,39,61,28,61,33,34,36,21,32,48,64,19,74,29,69,21,58,22,48,59,20,65,20,49,30,53,36,60,60,42,48,27,61,42,29,30,41,58,38,60,56,68,50,62,24,60,65,36,60,64,68,54,67,44,63,71,29,66,69,61,58,70,47,71,77,43,62,62,66,62,75,40,72,70,49,57,65,62,55,74,48,71,70,52,62,62,63,56,77,38,80,70,40,73,65,69,65,86,37,77
Beaumont-Port Arthur TX,692,45,10,18,20,8,35,20,39,47,52,17,39,12,20,31,28,8,28,44,23,26,19,35,30,20,15,36,51,22,57,34,26,24,26,34,44,65,20,45,26,51,18,55,13,41,57,27,44,22,47,36,66,41,70,63,49,51,29,56,48,28,34,42,56,34,63,47,70,54,62,31,66,60,51,61,59,50,52,68,41,57,61,43,74,56,46,66,75,47,70,70,65,56,61,52,63,66,38,69,65,57,53,67,45,56,68,56,70,61,44,63,52,46,52,76,26,75,59,45,74,61,51,61,71,35,75
Little Rock-Pine Bluff AR,693,45,8,13,44,19,30,14,30,44,69,19,41,13,25,21,16,17,23,49,21,23,21,40,49,41,30,48,66,29,52,34,39,40,21,38,67,64,29,73,30,61,21,45,29,48,60,20,61,22,49,33,58,52,67,69,44,43,29,70,37,29,32,47,61,36,66,64,76,57,68,39,79,65,46,68,75,83,58,67,59,72,69,37,72,76,73,63,73,72,78,76,39,65,67,87,70,74,53,75,67,48,64,74,79,56,74,61,77,65,45,66,64,82,54,74,56,81,67,33,80,66,90,69,74,58,80
Montgomery (Selma) AL,698,43,7,11,40,26,33,13,28,47,66,19,47,9,29,27,29,22,23,48,26,19,27,40,41,65,35,45,61,48,61,38,46,32,18,49,62,68,31,57,28,81,21,54,31,49,59,34,51,19,59,28,50,52,59,62,59,40,24,65,45,27,27,43,64,57,62,55,76,46,64,37,65,64,72,63,69,78,49,61,54,67,69,65,70,70,70,53,66,58,79,77,100,61,62,82,52,66,47,78,80,94,61,67,74,56,72,55,83,72,88,60,56,75,53,75,46,79,68,78,73,59,79,64,73,52,77
La Crosse-Eau Claire WI,702,44,5,16,56,15,32,14,54,33,65,18,45,15,20,31,21,26,20,47,19,23,29,24,43,43,31,40,64,35,59,46,29,47,21,32,50,66,25,62,35,46,24,50,30,46,57,25,62,24,40,35,62,48,61,57,39,43,30,47,47,31,38,38,59,46,72,67,51,73,67,53,65,56,43,77,80,44,68,67,79,60,63,35,84,83,42,72,73,74,71,79,49,78,65,57,72,69,60,74,67,53,72,78,41,70,75,80,73,60,41,74,68,38,74,76,68,78,66,31,80,71,34,83,71,82,73
Wausau-Rhinelander WI,705,46,6,13,45,31,26,19,32,39,73,16,44,15,30,33,17,28,27,51,23,30,25,46,50,62,27,35,63,58,72,38,43,49,20,30,48,63,38,64,31,71,22,48,24,46,61,27,61,21,46,41,52,46,60,68,49,40,29,61,52,26,39,41,62,69,66,67,55,73,69,45,69,61,70,66,77,55,72,59,71,61,65,59,75,73,53,73,69,59,69,71,73,73,65,54,68,61,52,75,66,56,66,69,50,75,75,68,69,65,58,78,65,44,81,75,52,76,64,46,90,69,45,76,76,59,76
Tyler-Longview(Lufkin & Nacogdoches) TX,709,44,9,19,58,28,26,12,30,56,64,27,44,9,29,50,33,28,27,48,28,19,25,37,41,54,27,42,52,30,54,36,45,39,29,36,51,66,19,59,29,63,24,39,26,45,53,28,49,21,46,27,65,42,60,56,50,43,25,58,42,33,36,39,54,38,62,60,82,61,60,51,80,57,52,62,70,60,62,61,48,60,62,45,74,59,59,68,76,55,71,68,73,68,65,66,74,79,41,77,61,66,59,70,58,68,74,55,80,62,60,71,64,51,68,77,51,86,64,46,83,63,54,74,80,47,81
Hattiesburg-Laurel MS,710,49,29,15,21,18,34,58,25,54,63,81,44,15,41,29,31,11,29,46,21,10,29,39,50,46,58,41,67,44,70,34,52,29,30,30,53,66,25,52,31,49,14,71,36,46,52,18,66,19,42,28,48,52,48,64,46,39,36,69,23,23,13,47,64,40,65,64,71,51,65,43,67,61,35,61,67,68,44,82,40,61,68,35,74,64,64,52,69,54,59,80,40,71,59,79,39,82,42,75,63,52,55,73,66,45,80,69,74,68,58,77,64,62,59,75,47,82,65,30,83,61,65,52,86,51,84
Meridian MS,711,33,0,0,61,100,0,0,73,63,76,74,78,15,0,100,100,35,32,71,100,21,26,79,54,100,100,16,80,73,69,42,53,35,0,100,32,73,72,69,33,52,38,50,58,43,60,26,81,25,38,27,39,57,69,66,68,35,32,100,40,35,32,42,68,47,62,65,57,49,85,40,85,65,54,60,92,49,34,75,87,85,68,37,66,65,35,56,71,47,100,83,53,77,76,74,32,62,63,72,68,100,50,63,51,40,67,72,80,73,87,62,62,59,44,69,60,78,68,100,76,60,53,70,75,43,95
Baton Rouge LA,716,43,12,19,34,20,25,16,38,49,61,15,39,11,31,26,19,18,19,45,21,27,20,34,42,42,30,39,55,38,58,31,36,39,27,37,58,62,25,54,27,64,23,59,34,47,59,26,55,19,46,30,61,55,72,63,51,43,27,68,49,32,41,44,60,60,57,57,70,51,69,43,68,59,50,61,58,69,48,66,59,60,62,51,70,67,66,53,71,62,69,71,64,61,59,74,56,72,47,70,62,64,55,64,73,53,72,58,70,57,67,61,56,58,56,69,58,68,57,51,67,60,60,66,68,57,66
Quincy IL-Hannibal MO-Keokuk IA,717,42,13,15,66,16,39,23,63,32,64,20,35,25,14,44,32,35,24,50,48,26,34,25,24,27,58,32,65,24,77,56,40,32,9,53,90,67,32,22,41,52,15,25,40,41,57,39,39,26,46,40,60,86,70,64,75,37,54,59,44,26,53,46,66,70,46,83,55,66,55,70,79,66,55,69,100,51,63,64,95,69,68,54,79,94,47,63,60,98,77,87,43,70,78,56,69,67,79,85,71,73,52,87,50,64,73,83,90,71,52,71,73,39,59,82,48,75,68,44,72,72,42,64,91,67,79
Jackson MS,718,49,13,17,49,19,24,20,35,47,70,25,53,15,27,22,26,22,29,46,25,20,26,35,30,44,32,47,60,32,49,33,36,36,22,31,60,62,24,56,33,62,18,55,29,46,55,23,49,20,45,26,54,44,66,59,48,40,27,59,35,35,34,41,61,45,68,59,84,45,61,58,83,68,59,63,73,90,46,69,68,75,68,50,78,70,80,53,75,72,78,78,58,70,61,91,56,67,75,92,72,56,63,61,87,52,71,69,79,74,67,68,62,75,49,74,65,90,65,43,74,62,70,63,70,72,86
Lincoln & Hastings-Kearney NE,722,41,7,18,43,17,25,18,42,46,71,19,47,16,24,30,42,27,24,49,17,23,32,32,31,34,38,42,60,30,55,50,29,50,23,53,54,58,19,50,35,55,20,44,37,47,55,25,47,27,36,32,42,57,57,57,49,34,37,48,46,28,44,38,57,37,57,61,56,60,60,46,72,59,32,55,71,49,55,65,68,62,61,28,63,68,44,63,73,62,68,68,39,61,67,53,61,67,62,71,61,43,54,75,51,63,71,66,70,63,38,60,66,48,55,73,68,79,64,31,64,64,51,65,71,60,70
Fargo-Valley City ND,724,45,6,17,53,10,35,17,32,38,77,19,48,14,20,35,14,24,27,51,24,26,28,27,47,61,34,51,65,29,65,48,28,47,13,64,63,68,22,79,35,48,27,59,35,53,63,24,57,22,36,37,62,56,70,61,52,48,29,48,55,31,41,43,58,42,66,65,47,63,68,44,71,61,50,65,80,45,61,61,53,72,62,39,75,74,37,67,73,70,78,71,50,71,67,44,68,66,62,85,63,43,65,75,41,66,75,59,78,63,51,80,65,39,68,76,67,81,66,37,86,69,41,76,80,57,81
Sioux Falls(Mitchell) SD,725,49,7,14,64,16,38,12,47,46,64,22,35,17,22,34,27,28,23,51,19,26,30,32,60,53,30,45,70,35,50,41,33,42,22,47,65,67,17,60,35,53,28,69,31,52,62,24,56,22,39,42,73,51,63,71,63,45,29,50,53,36,33,48,65,44,62,65,53,82,65,56,76,69,58,66,75,46,66,66,69,77,70,53,73,78,40,78,82,70,85,79,52,70,69,49,85,71,59,89,72,59,60,75,47,85,75,68,89,66,56,71,68,36,78,76,68,89,72,47,77,71,46,89,75,61,87
Jonesboro AR,734,52,0,15,66,27,35,0,52,38,60,25,40,15,44,34,34,30,33,51,29,17,25,61,35,33,40,28,71,57,62,39,49,27,22,43,66,68,41,82,29,93,13,63,41,49,58,20,62,22,45,21,59,53,79,73,46,51,27,79,32,31,46,41,60,44,58,65,76,47,56,52,86,70,33,71,91,81,47,56,60,66,69,57,82,97,64,49,83,84,63,81,46,60,71,72,75,74,65,77,67,57,72,100,80,48,78,60,73,71,50,79,72,71,63,87,48,82,68,36,84,75,70,78,78,66,71
Bowling Green KY,736,39,5,14,54,18,25,18,47,31,63,28,46,17,20,17,45,35,20,54,23,24,22,43,23,50,68,44,59,35,55,39,34,47,21,44,52,66,25,72,30,54,24,59,51,48,61,17,67,20,58,36,65,42,70,72,36,46,26,67,45,43,43,39,58,25,57,61,72,53,68,47,57,60,19,66,62,79,49,65,71,58,72,28,64,57,71,61,77,34,66,75,29,61,54,70,49,75,26,64,64,28,68,56,66,51,78,41,64,69,42,66,58,70,59,71,58,74,67,32,79,62,75,68,97,52,75
Mankato MN,737,50,22,17,59,8,44,12,37,51,87,18,47,14,5,36,37,25,24,53,15,23,36,20,18,59,47,38,67,73,69,53,30,39,13,59,50,66,14,73,44,46,24,44,46,59,59,20,46,28,37,33,66,61,55,60,29,39,35,51,43,25,48,35,53,34,53,69,44,57,53,38,63,57,53,61,85,33,55,51,88,72,63,44,62,81,30,64,69,97,68,66,39,57,73,39,58,66,58,83,57,61,55,72,25,55,63,96,64,59,59,68,74,18,61,78,99,74,64,34,81,79,26,95,80,67,78
North Platte NE,740,35,100,57,55,0,0,100,0,75,78,73,60,13,44,0,0,0,21,52,71,45,18,100,0,0,0,33,45,0,38,34,19,94,31,0,68,32,0,33,35,62,54,59,0,38,60,0,57,11,17,12,91,0,39,66,0,52,18,66,64,0,0,11,68,94,86,60,49,86,52,0,56,54,32,56,90,45,50,54,0,70,60,22,69,100,35,66,64,0,68,75,29,62,67,26,49,84,0,68,71,43,62,76,41,45,64,0,79,64,60,77,69,26,72,67,0,72,67,31,74,35,38,59,80,0,56
Anchorage AK,743,35,5,16,35,13,31,11,24,38,57,6,47,11,13,27,24,16,23,43,16,26,20,17,35,51,19,43,50,13,65,38,25,38,15,19,60,53,13,70,25,40,25,46,22,42,48,14,68,18,27,32,50,29,56,48,23,50,23,35,42,29,21,40,46,26,59,51,37,56,62,26,67,48,22,64,58,33,60,54,46,58,56,27,74,61,30,66,58,43,67,62,32,68,55,33,74,60,41,68,54,29,67,56,33,67,62,48,72,53,39,71,55,27,69,65,45,88,57,19,80,59,28,85,67,50,81
Honolulu HI,744,43,6,20,34,17,29,17,34,40,55,8,46,9,19,19,19,21,20,41,15,27,18,21,37,42,27,36,54,27,57,31,28,33,21,29,50,54,16,67,24,47,20,52,22,44,48,15,57,18,35,32,55,39,57,51,31,45,23,46,39,28,32,39,52,28,58,49,53,47,62,42,65,52,26,59,56,44,49,59,65,59,58,29,70,62,43,56,63,57,68,64,26,60,53,49,53,66,50,66,59,38,57,56,46,61,65,55,65,59,36,60,50,41,85,65,55,79,59,28,67,54,39,78,63,51,80
Fairbanks AK,745,36,12,32,47,0,43,18,52,36,51,21,59,12,12,41,28,13,25,39,12,22,16,8,65,17,21,41,56,16,59,27,9,50,16,49,42,53,17,77,40,38,23,17,27,42,44,7,36,19,23,35,49,52,50,39,52,43,25,23,39,22,31,34,48,28,57,56,34,62,57,31,70,45,18,56,65,23,51,60,55,57,50,20,64,63,28,53,59,54,56,61,23,66,61,32,47,61,33,58,49,50,63,77,25,55,69,56,73,47,45,75,56,24,77,75,61,66,52,14,72,58,19,76,80,51,80
Biloxi-Gulfport MS,746,37,6,15,23,16,27,17,20,37,49,13,40,10,15,27,40,15,16,42,14,31,18,26,15,28,9,31,61,35,67,39,37,28,27,22,61,62,25,76,24,64,14,35,22,42,54,23,66,17,42,21,56,25,52,55,44,44,20,55,33,29,13,34,55,45,73,56,55,51,56,36,65,63,38,79,66,62,55,62,43,65,63,47,85,66,48,52,77,59,68,66,45,71,64,64,47,75,41,75,64,44,60,62,61,54,79,56,74,62,43,63,56,57,44,74,47,88,63,31,86,55,53,56,66,37,83
Juneau AK,747,46,0,19,54,15,22,28,0,58,66,0,32,10,25,31,23,0,22,56,0,41,9,39,29,41,0,51,68,0,52,25,25,45,14,0,59,68,0,87,25,29,25,19,0,37,50,0,95,15,44,55,35,0,66,65,0,48,19,41,47,13,0,50,48,0,63,55,37,77,53,0,59,54,0,81,65,28,70,42,0,66,55,0,78,65,41,68,60,0,73,65,0,87,60,47,85,62,0,84,49,0,79,66,34,100,76,0,70,55,0,87,55,23,78,61,0,70,58,0,100,59,32,83,70,0,97
Laredo TX,749,30,0,19,20,0,65,0,32,46,50,0,21,6,0,23,34,12,34,33,25,12,16,12,0,38,26,45,46,47,26,47,33,26,11,54,69,51,13,35,24,41,19,54,30,53,41,19,30,20,42,34,32,21,61,47,23,22,26,36,38,22,39,35,51,25,27,48,59,42,58,43,85,52,55,30,59,44,60,55,50,63,55,42,39,54,37,43,45,49,75,63,52,46,58,37,52,50,54,80,59,51,39,61,31,35,50,49,74,54,40,40,46,34,47,52,34,81,47,44,48,59,29,53,59,40,84
Denver CO,751,40,6,15,37,16,26,14,24,33,59,13,43,10,21,30,27,15,19,45,15,21,20,28,37,43,20,33,59,26,48,33,31,40,19,26,45,59,17,58,29,53,23,53,20,39,54,18,51,19,39,31,58,31,54,61,39,39,25,53,43,28,26,36,51,30,52,50,57,51,61,30,52,53,29,54,59,54,52,62,47,49,57,27,58,60,49,57,63,46,56,63,30,51,55,55,53,65,39,59,57,37,50,59,49,60,62,52,60,57,36,54,54,47,58,65,46,67,58,28,59,54,47,71,66,50,66
Colorado Springs-Pueblo CO,752,32,5,19,32,20,24,12,26,26,49,11,41,9,17,25,12,18,17,41,14,23,20,25,30,39,24,34,51,22,50,40,27,33,22,23,44,54,12,60,30,49,20,47,21,39,52,14,49,21,32,34,59,29,53,53,25,36,25,45,43,31,27,30,50,24,52,61,53,56,71,33,59,52,32,55,74,56,51,66,53,56,56,30,60,68,50,60,72,53,61,63,26,56,62,55,57,75,41,63,58,41,48,67,47,70,69,49,69,58,33,58,62,44,61,79,36,70,61,28,61,68,68,73,77,42,73
Phoenix AZ,753,40,5,17,33,17,29,11,23,35,57,12,40,10,23,24,22,16,21,45,17,23,17,29,32,40,20,36,57,32,49,31,32,34,17,23,49,61,19,58,26,54,21,50,21,41,57,22,48,18,40,33,53,35,59,63,50,38,25,59,42,29,28,41,55,45,55,51,63,54,64,30,66,59,44,57,62,63,53,64,46,60,61,40,60,62,57,57,69,50,65,69,47,57,58,63,55,68,45,68,63,54,52,59,60,60,67,56,72,63,54,58,55,60,61,76,50,80,64,46,64,59,61,72,70,50,78
Butte-Bozeman MT,754,46,0,15,35,17,42,20,62,27,62,19,49,12,17,44,58,30,21,47,16,27,34,36,70,50,19,32,61,15,61,51,26,76,20,38,54,53,15,95,40,43,39,41,26,39,48,31,51,28,33,43,46,43,57,56,35,39,32,41,54,19,35,38,48,28,59,59,56,89,44,37,66,51,22,60,60,52,65,62,60,55,52,22,76,70,47,69,64,50,60,59,19,53,64,60,68,71,59,66,59,24,59,64,57,74,74,53,66,55,28,56,59,41,80,85,61,69,62,25,79,70,46,78,66,61,69
Great Falls MT,755,46,12,34,54,15,72,0,32,34,69,22,40,23,19,45,22,12,23,44,22,42,34,16,60,50,31,40,50,30,80,33,17,43,11,32,52,50,24,69,33,55,22,53,19,31,54,9,36,21,34,29,61,30,64,49,17,47,30,50,64,34,30,52,50,30,72,74,49,65,69,31,75,57,34,62,69,41,73,62,68,61,67,42,66,69,39,67,63,68,69,71,42,74,68,53,75,90,57,75,57,41,58,79,47,75,61,42,65,62,32,94,66,33,63,89,43,74,60,31,79,53,33,85,92,40,80
"Billings, MT",756,34,18,20,100,25,59,20,35,49,59,27,68,24,33,19,37,29,28,45,33,39,39,20,32,49,27,33,65,33,76,45,28,37,18,27,48,60,17,51,43,51,26,33,30,47,57,9,53,28,45,38,50,43,64,65,31,66,26,60,55,23,32,42,54,34,67,60,74,63,59,31,62,58,35,59,69,61,62,56,47,65,59,30,70,71,54,74,68,45,72,68,21,73,67,60,72,75,44,76,63,40,61,67,55,89,74,58,70,58,38,63,58,46,71,71,50,83,65,31,78,71,50,87,65,36,81
Boise ID,757,39,4,16,38,22,30,13,42,39,52,8,39,14,33,25,26,22,21,42,18,24,25,29,34,41,33,39,51,24,60,34,37,35,17,37,60,56,17,63,34,66,25,50,28,45,49,19,61,23,48,35,53,44,67,55,39,42,28,66,44,29,32,47,47,25,57,57,86,63,62,31,71,52,29,59,68,80,60,57,55,64,54,29,70,69,74,67,68,57,66,62,37,59,64,70,60,66,49,73,56,36,59,67,63,64,68,60,70,56,38,60,60,62,61,72,50,73,58,28,70,58,65,70,68,54,81
Idaho Falls-Pocatello ID,758,40,0,16,36,19,18,31,66,34,57,16,46,9,19,20,22,28,18,45,13,28,35,27,49,29,52,44,59,27,60,40,23,46,28,50,51,56,21,54,39,56,21,73,31,51,52,16,72,21,40,36,45,30,64,58,45,50,27,44,48,28,40,40,45,37,57,75,52,60,58,52,80,48,34,74,86,51,56,72,71,68,54,35,81,80,43,59,64,74,78,63,33,68,80,49,67,65,60,92,54,46,66,80,49,64,73,88,90,54,48,70,76,43,69,71,68,88,57,31,78,74,40,77,65,71,95
Cheyenne WY-Scottsbluff NE,759,35,9,17,46,20,40,11,29,46,65,15,52,13,22,28,23,22,20,41,21,20,26,15,27,27,34,31,60,16,58,53,24,29,26,36,53,54,30,65,37,45,22,55,24,40,57,21,64,21,34,33,56,28,53,53,57,31,30,52,38,25,35,35,53,45,53,62,52,66,62,51,78,53,39,65,72,50,58,52,74,69,55,34,68,68,39,66,88,62,63,69,14,72,63,50,57,70,42,73,63,25,51,65,52,65,77,60,69,64,36,60,59,38,67,94,48,71,64,26,59,59,80,75,85,47,80
Twin Falls ID,760,55,16,28,52,19,56,32,27,24,57,27,50,10,32,24,36,32,22,67,26,42,27,12,43,39,13,28,59,27,80,31,30,38,17,41,66,55,13,76,39,54,23,46,31,48,58,21,85,21,36,32,46,58,48,64,69,32,26,57,50,34,48,43,51,38,44,65,63,42,54,52,56,51,32,64,69,44,56,54,67,49,58,27,73,73,46,53,69,66,59,63,17,68,76,42,54,61,100,64,56,43,54,83,39,50,59,67,69,50,42,53,58,36,61,74,54,73,49,33,71,65,31,68,75,47,69
Missoula MT,762,41,4,16,47,16,36,16,30,31,74,14,48,16,13,43,41,19,29,41,13,28,22,27,48,43,35,39,63,17,54,37,26,52,20,43,55,63,13,70,30,46,29,65,25,48,53,22,61,22,48,36,47,37,52,56,27,52,34,38,48,27,23,38,55,31,61,65,61,64,60,43,64,56,35,68,71,57,74,55,47,65,59,28,67,76,50,79,67,46,78,70,36,66,64,60,77,65,45,69,61,34,63,67,50,75,62,59,73,59,33,74,57,53,71,70,51,78,59,28,73,63,45,88,64,46,81
Rapid City SD,764,41,0,15,72,14,55,18,20,40,71,12,32,15,24,34,37,13,29,45,14,37,25,40,54,50,31,40,58,25,50,45,30,45,31,39,66,63,24,67,35,53,20,52,25,51,57,10,54,23,34,31,58,49,66,59,52,47,30,61,45,26,38,40,52,37,67,65,56,68,58,34,75,55,39,68,81,48,57,70,67,59,54,26,69,68,46,66,76,57,60,61,28,64,70,63,70,76,34,66,56,47,62,76,56,69,73,52,67,59,31,66,63,52,75,69,46,78,59,27,70,59,55,69,66,64,74
El Paso TX,765,43,5,13,43,8,28,7,51,46,51,17,34,11,16,21,18,26,35,40,24,18,24,19,40,18,42,47,57,33,47,35,29,50,15,46,73,54,19,39,24,39,20,49,37,54,47,26,41,20,27,32,42,42,70,49,63,31,26,39,41,26,42,47,51,45,44,57,50,49,64,48,72,55,44,40,69,43,71,60,64,69,58,38,49,75,43,76,65,64,82,68,62,42,66,42,68,65,61,84,50,60,38,53,31,50,52,59,77,61,63,47,59,40,56,68,58,94,59,52,53,67,39,70,66,53,82
Helena MT,766,36,16,19,52,17,0,36,28,67,55,15,52,11,22,32,30,14,21,52,20,25,21,27,57,78,28,43,61,20,67,43,25,57,14,34,43,65,10,87,41,47,21,53,30,51,60,0,45,22,36,46,56,49,81,70,43,47,31,70,87,35,28,49,67,37,65,58,74,65,62,56,91,62,28,59,72,72,85,62,73,71,65,16,79,66,61,92,77,47,75,71,30,68,71,69,90,76,58,100,63,27,65,61,70,86,83,50,90,60,17,75,68,57,77,70,64,97,67,10,75,64,58,91,69,46,93
Casper-Riverton WY,767,45,0,17,42,21,27,46,60,37,62,18,40,9,32,45,24,27,23,42,29,28,33,23,23,88,32,25,56,0,55,44,31,55,17,26,57,52,11,82,32,67,18,15,32,44,67,14,72,26,57,35,63,29,43,60,29,47,36,57,42,32,56,56,53,27,64,67,44,50,64,38,56,54,33,79,79,33,57,80,32,58,53,20,79,80,37,69,75,43,70,62,36,78,64,55,52,77,38,81,58,22,60,71,44,55,63,58,71,54,26,66,62,37,59,81,47,87,59,27,93,66,42,70,75,45,80
Salt Lake City UT,770,42,6,16,39,16,21,14,35,39,55,11,40,12,22,22,16,23,22,42,15,24,22,30,31,41,26,41,53,24,55,38,33,32,18,36,52,56,16,62,30,53,20,53,25,42,50,19,51,21,41,35,54,46,59,54,39,39,28,55,39,25,31,40,50,32,54,61,67,51,58,40,68,51,34,57,68,62,48,59,54,60,53,29,63,70,59,53,66,49,65,60,37,57,67,65,56,67,44,69,54,39,54,67,62,58,67,58,72,55,37,59,64,51,57,71,52,79,55,31,68,66,50,68,69,54,75
Yuma AZ-El Centro CA,771,36,0,23,45,19,54,0,27,31,40,25,21,14,15,58,0,18,27,33,43,30,23,10,69,32,39,37,42,42,29,52,16,39,16,48,26,62,56,53,51,66,35,38,39,47,53,28,58,23,47,52,62,85,74,61,0,40,25,54,54,16,40,43,48,29,43,63,61,43,49,49,66,53,19,44,72,44,43,56,60,58,56,41,66,64,35,43,63,55,64,60,54,49,70,44,46,61,51,70,58,55,43,65,34,51,64,72,72,55,54,52,58,31,53,69,55,75,57,57,55,60,36,65,71,48,80
Grand Junction-Montrose CO,773,39,11,8,57,14,26,45,57,28,52,0,65,15,22,23,37,14,25,48,22,14,27,29,31,67,35,34,50,12,37,48,30,33,11,50,48,54,15,53,33,57,30,46,31,52,57,18,54,28,31,39,53,65,74,53,38,41,36,54,47,28,48,34,57,31,66,63,53,60,67,38,66,64,22,73,75,41,51,64,58,59,65,36,91,75,44,61,64,59,65,71,29,68,60,53,58,58,61,65,63,24,66,71,48,69,65,53,75,62,43,69,64,38,68,70,54,76,57,19,74,61,43,68,66,56,72
Tucson (Sierra Vista) AZ,789,41,5,18,34,15,32,18,24,38,64,9,44,9,16,35,20,18,24,48,13,22,21,20,39,41,24,40,62,25,46,36,28,37,23,29,56,64,19,66,30,54,25,58,25,49,56,17,51,21,39,34,59,38,61,61,43,39,25,49,43,30,29,40,59,37,57,58,57,66,66,40,70,60,35,61,68,45,58,60,54,66,65,38,60,73,43,69,66,66,72,71,44,55,65,46,67,72,57,82,66,40,52,68,44,72,68,62,77,67,45,57,62,46,67,76,60,83,65,27,64,63,49,78,73,55,79
Albuquerque-Santa Fe NM,790,43,6,13,44,13,30,13,32,45,63,8,48,11,22,29,31,14,29,49,16,24,22,29,48,43,22,51,66,22,50,38,31,49,18,29,61,62,13,63,31,50,29,45,24,53,61,18,55,21,46,36,56,42,73,65,37,41,29,52,57,32,31,50,60,27,55,60,57,64,62,35,79,60,30,56,67,51,67,59,53,70,66,34,61,70,46,68,65,54,78,68,33,57,64,52,64,65,48,81,62,39,53,64,50,62,67,53,76,61,40,58,61,52,59,70,47,83,61,29,65,64,45,71,68,49,80
Glendive MT,798,43,0,0,0,0,0,0,0,0,70,0,0,0,0,0,0,0,0,100,0,0,0,0,0,0,0,0,99,0,0,0,0,0,0,0,0,85,0,0,0,0,0,0,0,0,64,0,0,0,0,0,0,0,0,76,0,0,0,0,0,0,0,0,47,0,0,0,0,0,0,0,0,62,0,0,0,0,0,0,0,0,52,0,0,0,0,0,0,0,0,95,0,0,0,0,0,0,0,0,72,0,0,0,0,0,0,0,0,63,0,0,0,0,0,0,0,0,58,0,0,0,0,0,0,0,0
Bakersfield CA,800,38,5,14,58,10,28,20,35,41,50,11,50,12,20,18,19,25,20,38,13,18,18,22,23,50,26,37,56,22,36,37,25,28,13,38,46,53,9,68,27,49,16,32,38,40,46,15,42,19,33,27,44,42,41,50,26,29,24,52,33,23,32,39,47,26,51,54,55,58,74,51,65,53,35,52,62,38,46,60,50,51,56,38,49,64,32,55,80,55,64,67,37,53,60,36,56,71,45,73,58,43,48,60,31,56,67,60,75,60,52,51,56,31,50,75,52,79,59,44,58,60,26,61,77,51,78
Eugene OR,801,41,9,19,44,15,42,11,39,40,64,26,46,15,26,23,17,28,22,45,16,23,24,29,49,30,28,39,55,27,54,39,33,43,24,35,57,54,20,68,35,42,25,49,35,43,53,19,59,21,35,39,47,51,53,57,37,44,31,44,50,29,39,35,53,37,61,60,53,58,64,43,62,53,33,59,72,46,59,53,65,60,57,33,65,73,44,72,63,62,69,65,41,66,65,49,68,65,62,71,59,33,61,66,47,87,66,70,70,59,47,65,63,44,75,66,75,78,61,31,75,59,40,80,65,86,79
Eureka CA,802,33,0,13,49,25,49,17,0,23,53,13,36,15,16,33,18,20,14,43,0,23,39,34,26,24,29,46,46,28,72,46,23,31,36,48,53,58,14,94,40,56,25,48,32,41,49,13,47,22,31,41,50,27,49,61,37,38,21,62,65,28,21,45,57,15,42,67,59,69,48,32,55,54,26,61,84,51,49,54,42,57,56,13,61,54,48,51,70,33,54,58,29,51,68,50,78,64,51,65,59,29,51,74,46,90,59,51,60,55,29,61,62,47,66,56,46,64,61,35,76,67,43,84,61,47,66
Los Angeles CA,803,37,5,15,33,16,25,11,24,30,54,11,35,9,20,21,19,16,18,39,14,18,17,25,28,37,22,30,52,22,43,29,32,29,17,26,42,54,14,49,26,50,18,44,22,36,50,16,45,17,37,31,50,35,49,54,35,34,23,51,39,25,26,34,49,27,47,46,56,49,57,28,52,53,26,50,56,47,42,58,40,50,56,26,52,58,41,49,60,44,55,63,32,48,54,44,49,58,40,61,57,35,46,55,42,56,58,52,63,58,39,50,53,39,56,62,49,73,59,33,55,58,37,65,61,53,74
Palm Springs CA,804,43,13,14,40,49,55,23,23,13,61,10,44,9,21,24,26,21,19,45,7,23,17,29,38,37,10,25,60,14,55,33,30,29,12,18,40,58,11,49,25,58,13,60,15,38,50,6,51,18,44,22,46,22,52,58,29,35,24,46,35,29,25,27,58,21,57,48,60,56,71,32,59,59,24,66,57,53,45,64,36,56,61,21,79,53,47,56,60,42,60,72,32,60,51,46,45,65,43,59,69,35,55,58,44,58,59,43,64,68,29,57,50,42,51,59,38,76,64,27,70,52,40,56,78,47,81
San Francisco-Oakland-San Jose CA,807,41,5,15,32,13,28,13,20,31,57,12,39,9,16,29,24,15,18,43,15,21,18,21,37,40,19,33,51,27,44,26,22,35,17,21,45,47,19,38,16,31,15,31,13,35,36,17,26,8,18,18,24,16,43,31,28,16,9,17,19,9,10,24,51,29,51,45,46,59,58,25,57,53,30,51,55,40,50,52,38,51,56,28,56,54,36,57,57,41,57,61,32,49,51,38,60,53,35,59,57,33,47,50,37,63,53,43,61,56,36,48,48,30,61,50,45,68,56,29,53,52,28,69,50,45,67
Yakima-Pasco-Richland-Kennewick WA,810,44,2,14,37,6,27,9,30,32,66,15,46,11,20,28,25,10,23,44,23,19,27,19,36,32,25,42,59,20,53,36,18,43,18,38,57,57,25,63,33,45,26,39,27,47,59,22,54,18,38,37,52,52,59,60,36,42,30,47,62,27,27,38,55,30,57,62,49,66,56,40,68,55,31,57,67,54,65,58,49,67,59,29,62,67,39,66,57,65,71,67,34,57,63,48,60,68,57,70,61,40,52,62,41,69,70,57,83,58,39,57,62,32,65,73,50,82,58,25,60,62,34,78,72,48,80
Reno NV,811,38,5,17,32,15,29,8,21,34,56,6,46,10,18,22,16,18,19,45,8,24,18,23,34,51,19,30,56,18,56,31,28,39,21,26,42,56,17,64,26,53,20,47,18,41,54,17,63,20,32,32,56,40,57,58,35,46,29,48,35,34,31,36,54,28,66,58,55,55,62,40,62,58,31,61,68,46,54,61,50,59,58,29,69,60,44,59,75,50,60,67,24,63,52,47,56,71,38,66,57,28,55,57,43,68,69,57,65,60,39,66,53,42,64,75,47,70,59,30,69,60,43,74,68,54,69
Medford-Klamath Falls OR,813,38,12,19,27,13,35,14,41,28,61,11,51,12,16,23,23,20,23,44,13,25,23,20,33,29,24,37,67,24,56,37,23,28,20,35,52,60,14,70,29,42,29,38,23,50,53,13,49,22,41,33,58,61,55,56,43,49,25,37,43,30,37,37,60,30,70,57,53,60,56,36,62,57,29,67,66,43,60,48,45,58,61,29,76,71,42,72,59,55,69,70,25,69,65,40,77,69,43,73,60,37,62,63,42,81,68,62,71,62,36,60,56,36,67,77,52,77,64,23,77,63,40,76,66,40,79
Seattle-Tacoma WA,819,42,4,15,39,15,32,13,26,33,60,11,39,10,19,27,22,16,20,45,14,21,19,25,35,40,20,33,60,21,46,33,30,42,19,24,47,59,13,56,29,51,23,43,18,39,54,13,54,19,38,37,55,33,55,58,29,38,25,50,44,27,23,35,51,23,52,52,57,64,62,26,57,53,22,54,61,51,65,60,36,52,57,21,62,60,45,63,64,38,59,64,23,55,56,50,63,61,34,62,57,25,53,57,48,71,61,45,64,58,28,54,53,42,67,63,43,72,57,22,63,56,42,80,63,46,71
Portland OR,820,38,4,18,40,15,25,14,29,36,56,14,42,10,21,25,21,18,20,41,14,24,21,26,30,38,24,38,55,24,54,35,30,36,18,29,52,58,14,55,30,53,22,50,23,41,53,14,55,20,39,38,58,41,58,55,38,42,27,53,45,28,27,36,51,27,56,56,57,57,61,34,62,53,30,57,64,48,60,56,49,58,46,24,41,40,29,42,37,30,51,41,21,36,33,29,38,34,24,47,46,32,40,45,34,50,44,42,57,56,39,55,54,44,62,59,53,75,56,31,62,58,44,67,59,58,73
Bend OR,821,53,12,18,48,14,55,12,46,45,59,17,37,10,33,35,28,19,18,49,18,24,18,23,52,45,20,35,59,24,63,41,36,30,21,25,48,58,6,71,29,65,22,65,22,43,53,14,60,19,34,39,44,12,45,55,17,43,28,57,46,32,23,34,53,34,58,60,64,75,53,37,57,60,38,69,67,41,76,51,52,52,60,23,76,73,45,67,61,63,57,72,37,66,65,52,80,59,37,71,67,28,51,59,45,83,63,54,62,66,43,72,57,41,70,63,41,61,60,26,81,59,39,77,55,50,61
San Diego CA,825,42,5,15,31,14,29,11,22,29,60,12,35,8,18,27,26,15,20,45,16,19,17,24,32,41,22,33,58,28,48,29,33,37,17,26,46,60,18,53,25,51,23,48,22,39,55,20,47,17,37,37,54,37,51,59,43,34,23,50,53,27,29,38,53,39,49,50,55,64,57,35,60,56,41,51,57,50,50,58,46,58,61,34,59,60,44,59,62,50,60,67,42,51,55,48,60,61,45,65,60,47,47,54,43,66,60,57,68,61,50,52,53,39,66,64,52,77,61,37,57,59,37,80,61,56,76
Monterey-Salinas CA,828,38,4,12,44,11,29,12,26,32,51,12,45,10,19,35,14,17,20,41,20,22,22,22,39,27,32,38,53,16,41,33,28,35,12,25,44,51,10,45,27,41,23,49,21,41,49,10,42,19,35,35,46,43,50,49,29,26,25,48,44,19,39,31,49,23,47,53,49,55,54,36,58,52,25,58,64,39,51,48,54,50,59,23,60,68,38,53,57,48,58,59,30,53,60,38,68,48,49,61,55,26,50,62,31,70,51,72,56,53,32,49,58,29,59,53,64,70,57,27,55,66,28,72,51,64,67
Las Vegas NV,839,33,4,16,32,16,22,16,17,30,52,10,35,7,24,20,23,10,18,41,15,20,18,28,23,37,17,32,54,30,43,27,35,30,16,19,38,59,18,45,23,60,15,43,17,38,52,19,41,16,47,27,53,29,53,58,44,35,21,65,37,28,20,41,51,39,49,44,65,46,61,23,55,55,44,50,55,57,46,57,36,52,59,32,56,53,56,52,68,34,58,67,38,53,53,63,51,69,33,63,58,34,45,53,54,50,65,43,70,59,37,49,48,51,50,65,38,69,59,31,55,52,52,60,65,42,70
Santa Barbara-Santa Maria-San Luis Obispo CA,855,35,5,13,40,14,30,9,38,27,55,10,31,10,16,23,23,15,15,39,13,24,20,29,31,40,25,28,53,19,53,33,31,35,19,28,38,56,16,59,27,54,22,43,28,34,50,10,51,19,33,33,50,48,45,56,28,38,24,45,42,25,25,32,52,24,60,56,51,52,53,31,54,53,25,54,67,40,50,56,57,51,55,24,58,70,35,53,56,58,55,64,21,53,63,39,65,54,44,61,57,28,48,63,32,68,57,56,57,57,35,51,55,32,59,54,54,63,53,24,60,59,28,76,56,53,63
Sacramento-Stockton-Modesto CA,862,40,4,17,41,12,35,13,29,35,60,13,45,10,18,29,20,19,23,45,16,24,20,22,40,37,26,39,58,28,53,34,28,38,18,36,50,59,19,59,28,51,22,47,26,43,51,19,56,18,35,34,49,40,58,57,38,40,24,48,49,26,29,40,53,29,53,53,52,62,60,34,60,56,29,56,61,49,49,60,51,60,59,29,62,65,42,60,65,53,65,68,38,57,60,48,66,62,46,70,61,39,56,61,44,75,62,58,73,58,38,57,54,35,64,65,48,75,59,29,64,55,36,75,66,55,76
Fresno-Visalia CA,866,34,7,13,48,16,19,5,33,34,54,17,35,13,21,17,27,24,21,42,15,20,21,26,25,30,40,35,51,37,43,34,31,23,14,41,54,52,20,48,32,49,16,45,31,39,48,18,45,20,39,29,45,45,59,54,48,32,25,51,39,26,31,39,45,25,39,43,47,36,46,26,47,49,30,48,59,47,36,52,49,48,56,40,58,67,43,54,66,59,68,66,38,51,63,53,60,66,52,69,61,42,51,64,52,58,67,58,65,55,55,52,61,36,51,73,64,81,56,42,61,68,36,61,73,63,77
Chico-Redding CA,868,36,4,22,33,16,49,14,41,24,45,10,45,11,18,13,27,38,19,44,10,28,24,30,33,28,29,32,59,38,51,36,31,38,17,47,39,56,16,85,30,55,21,31,26,37,52,10,52,22,47,30,50,58,44,55,30,37,26,55,43,26,45,38,52,23,61,61,74,62,64,38,56,56,32,62,65,67,49,61,53,65,58,30,72,77,57,63,64,50,74,63,35,69,59,59,67,61,46,74,62,38,63,67,63,79,67,60,66,59,36,67,59,54,76,74,63,75,58,38,76,63,59,89,70,62,75
Spokane WA,881,44,6,17,49,16,34,10,30,46,54,16,47,14,22,26,31,24,19,43,18,23,21,25,31,41,28,33,60,28,59,39,31,41,22,39,56,60,16,66,32,56,24,43,25,45,52,24,56,22,40,34,52,40,54,55,39,39,27,62,41,27,32,40,53,29,60,62,61,59,63,38,72,57,37,65,73,51,68,57,61,63,61,31,74,70,47,62,62,59,68,68,37,64,67,53,66,62,54,73,61,34,58,67,49,72,70,66,68,62,36,67,63,45,68,69,52,79,63,33,77,61,43,85,75,53,73
